A Coruña	 Spain
Aachen	 Germany
Aalborg	 Denmark
Aarhus	 Denmark
Aba	 Nigeria
Abadan	 Iran
Abaetetuba	 Brazil
Abakan	 Russia
Abbotabad	 Pakistan
Abbotsford	 Canada
Abengourou	 Ivory Coast
Abeokuta	 Nigeria
Aberdeen	 United Kingdom
Abha	 Saudi Arabia
Abidjan	 Ivory Coast
Abiko	 Japan
Abilene	 United States
Abohar	 India
Abu Al-Khaseeb	 Iraq
Abu Dhabi	 United Arab Emirates
Abu Ghraib	 Iraq
Abuja	 Nigeria
Açailândia	 Brazil
Acapulco	 Mexico
Acarigua	 Venezuela
Accra	 Ghana
Achalpur	 India
Acheng	 China
Achinsk	 Russia
Adama	 Ethiopia
Adana	 Turkey
Adapazarı	 Turkey
Addis Ababa	 Ethiopia
Adelaide	 Australia
Aden	 Yemen
Adhamiyah	 Iraq
Adilabad	 India
Adityapur	 India
Adıyaman	 Turkey
Ado-Ekiti	 Nigeria
Adoni	 India
Afyon	 Turkey
Agadir	 Morocco
Agartala	 India
Ageo	 Japan
Agra	 India
Ağrı	 Turkey
Águas Lindas de Goiás	 Brazil
Aguascalientes	 Mexico
Ahmedabad	 India
Ahmednagar	 India
Ahome	 Mexico
Ahvaz	 Iran
Ain Beida	 Algeria
Aix-en-Provence	 France
Aizawl	 India
Aizuwakamatsu	 Japan
Ajax	 Canada
Ajman	 United Arab Emirates
Ajmer	 India
Akashi	 Japan
Akbarpur	 India
Akesu	 China
Akishima	 Japan
Akita	 Japan
Akola	 India
Akron	 United States
Aksaray	 Turkey
Aktau	 Kazakhstan
Aktobe	 Kazakhstan
Al Ain	 United Arab Emirates
Al 'Arish	 Egypt
Al Hartha	 Iraq
Al Hawiyah	 Saudi Arabia
Al Khalis	 Iraq
Al Minya	 Egypt
Al Qadarif	 Sudan
Al Rayyan	 Qatar
Alagoinhas	 Brazil
Alajuela	 Costa Rica
Alandur	 India
Alanya	 Turkey
Alappuzha	 India
Albacete	 Spain
Albuquerque	 United States
Alcalá de Henares	 Spain
Alchevsk	 Ukraine
Alcobendas	 Spain
Alcorcón	 Spain
Aleppo	 Syria
Alexandra	 South Africa
Alexandria	 United States
Alexandria	 Egypt
Al-Fashir	 Sudan
Algeciras	 Spain
Algiers	 Algeria
Al-Hasakah	 Syria
Alicante	 Spain
Aligarh	 India
Alkmaar	 Netherlands
Allahabad	 India
Allappuzha	 India
Allentown	 United States
Almada	 Portugal
Almaty	 Kazakhstan
Al-Mejar Al-Kabi	 Iraq
Almere	 Netherlands
Almería	 Spain
Almetyevsk	 Russia
Almirante Tamandaré	 Brazil
Alor Setar	 Malaysia
Alphen aan den Rijn	 Netherlands
Al-Qa'im	 Iraq
Al-Qurnah	 Iraq
Al-Rifa'i	 Iraq
Al-Shatrah	 Iraq
Al-Suwaira	 Iraq
Altamira	 Brazil
Altay City	 China
Al-Thuqbah	 Saudi Arabia
Alvorada	 Brazil
Al-Wahda [ar]	 Iraq
Alwar	 India
Amadora	 Portugal
Amagasaki	 Japan
Amarah	 Iraq
Amaravati	 India
Amarillo	 United States
Ambala Sadar	 India
Ambala	 India
Ambarnath	 India
Ambato	 Ecuador
Ambattur	 India
Ambikapur	 India
Ambon	 Indonesia
Ambur	 India
Americana	 Brazil
Amersfoort	 Netherlands
Amiens	 France
Amman	 Jordan
Amol	 Iran
Amravati	 India
Amreli	 India
Amritsar	 India
Amroha	 India
Amsterdam	 Netherlands
Anaco	 Venezuela
Anaheim	 United States
Anand	 India
Ananindeua	 Brazil
Anantapur	 India
Anantnag	 India
Anápolis	 Brazil
Anchorage	 United States
Ancona	 Italy
Anda	 China
Anderlecht	 Belgium
Andijan	 Uzbekistan
Andimeshk	 Iran
Andong	 South Korea
Andria	 Italy
Angarsk	 Russia
Angeles	 Philippines
Angers	 France
Angono	 Philippines
Angra dos Reis	 Brazil
Angren	 Uzbekistan
Anjō	 Japan
Anju	 North Korea
Ankang	 China
Ankara	 Turkey
Anlu	 China
Ann Arbor	 United States
Annaba	 Algeria
Anqing	 China
Ansan	 South Korea
Anshan	 China
Anshun	 China
Antakya	 Turkey
Antalya	 Turkey
Antananarivo	 Madagascar
Antioch	 United States
Antipolo	 Philippines
Antofagasta	 Chile
Antsirabe	 Madagascar
Antwerp	 Belgium
Anyama	 Ivory Coast
Anyang, Gyeonggi	 South Korea
Anyang, Henan	 China
Aomori	 Japan
Apalit	 Philippines
Aparecida de Goiânia	 Brazil
Apartadó	 Colombia
Apeldoorn	 Netherlands
Apopa	 El Salvador
Apucarana	 Brazil
Aqaba	 Jordan
Aracaju	 Brazil
Araçatuba	 Brazil
Arad	 Romania
Araguaína	 Brazil
Araguari	 Brazil
Arak	 Iran
Arapiraca	 Brazil
Arapongas	 Brazil
Arar	 Saudi Arabia
Araraquara	 Brazil
Araras	 Brazil
Araruama	 Brazil
Araucária	 Brazil
Araure	 Venezuela
Arayat	 Philippines
Ardabil	 Iran
Arequipa	 Peru
Argenteuil	 France
Arica	 Chile
Ariquemes	 Brazil
Arkhangelsk	 Russia
Arlington, Texas	 United States
Arlington, Virginia	 United States
Armavir	 Russia
Armenia	 Colombia
Arnhem	 Netherlands
Arrah	 India
Ar-Ramtha	 Jordan
Artyom	 Russia
Arusha	 Tanzania
Arvada	 United States
Arzamas	 Russia
Asahikawa	 Japan
Asaka	 Japan
Asansol	 India
Aşgabat	 Turkmenistan
Ashaiman	 Ghana
Ashdod	 Israel
Ashikaga	 Japan
Ashkelon	 Israel
Ashoknagar	 India
Asmara	 Eritrea
Assis	 Brazil
Astrakhan	 Russia
Asunción	 Paraguay
Aswan	 Egypt
Asyut	 Egypt
Athens, Georgia	 United States
Athens	 Greece
Athi River	 Kenya
Atibaia	 Brazil
Atlanta	 United States
Atsugi	 Japan
Atushi	 China
Atyrau	 Kazakhstan
Auckland	 New Zealand
Augsburg	 Germany
Augusta, Georgia	 United States
Aurangabad, Bihar	 India
Aurangabad, Maharashtra	 India
Aurora, Colorado	 United States
Aurora, Illinois	 United States
Austin	 United States
Avadi	 India
Avellaneda	 Argentina
Awasa	 Ethiopia
Ayacucho	 Peru
Aydın	 Turkey
Azamgarh	 India
Azua	 Dominican Republic
Kabankalan	 Philippines
Babol	 Iran
Babruysk	 Belarus
Bacabal	 Brazil
Bacău	 Romania
Bacolod	 Philippines
Bacoor	 Philippines
Badajoz	 Spain
Badalona	 Spain
Badlapur	 India
Bafoussam	 Cameroon
Bagaha	 India
Bagalkot	 India
Bagé	 Brazil
Baghdad	 Iraq
Baghlan	 Afghanistan
Bago	 Myanmar
Bago	 Philippines
Baguio	 Philippines
Bahadurgarh	 India
Baharampur	 India
Bahawalnagar	 Pakistan
Bahawalpur	 Pakistan
Bahía Blanca	 Argentina
Bahir Dar	 Ethiopia
Bahraich	 India
Baia Mare	 Romania
Baicheng	 China
Baidoa	 Somalia
Baidyabati	 India
Baise	 China
Baishan	 China
Baiyin	 China
Bajos de Haina	 Dominican Republic
Bakersfield	 United States
Baku	 Azerbaijan
Balakovo	 Russia
Balashikha	 Russia
Baleshwar	 India
Balıkesir	 Turkey
Balikpapan	 Indonesia
Baliuag	 Philippines
Ballarat	 Australia
Ballia	 India
Bally, Bally-Jagachha	 India
Bally, Howrah	 India
Balneário Camboriú	 Brazil
Bălți	 Moldova
Baltimore	 United States
Balurghat	 India
Bamako	 Mali
Bamenda	 Cameroon
Banda Aceh	 Indonesia
Banda	 India
Bandar Abbas	 Iran
Bandar Lampung	 Indonesia
Bandar Seri Begawan	 Brunei
Bandar-e Anzali	 Iran
Bandar-e Mahshahr	 Iran
Bandırma	 Turkey
Bandung	 Indonesia
Bangalore	 India
Bangaon	 India
Bangkok	 Thailand
Bangui	 Central African Republic
Banha	 Egypt
Bani Suwayf	 Egypt
Baní	 Dominican Republic
Banja Luka	 Bosnia and Herzegovina
Banjarmasin	 Indonesia
Banjul	 Gambia
Bankura	 India
Bansberia	 India
Banswara	 India
Baoding	 China
Baoji	 China
Baoshan	 China
Baotou	 China
Baqubah	 Iraq
Barakaldo	 Spain
Baraki	 Algeria
Baran	 India
Baranagar	 India
Baranovichi	 Belarus
Barasat	 India
Baraut	 India
Barbacena	 Brazil
Barcarena	 Brazil
Barcelona, Anzoátegui	 Venezuela
Barcelona	 Spain
Bardhaman	 India
Bareilly	 India
Bari	 Italy
Barika	 Algeria
Bariloche	 Argentina
Barinas	 Venezuela
Baripada	 India
Barisal	 Bangladesh
Barka	 Oman
Barnala	 India
Barnaul	 Russia
Barquisimeto	 Venezuela
Barra Mansa	 Brazil
Barrackpur	 India
Barrancabermeja	 Colombia
Barranquilla	 Colombia
Barreiras	 Brazil
Barretos	 Brazil
Barrie	 Canada
Barshi	 India
Barueri	 Brazil
Baruta	 Venezuela
Barysaw	 Belarus
Basel	  Switzerland
Bashiqa	 Iraq
Basirhat	 India
Basra	 Iraq
Basti	 India
Bat Yam	 Israel
Batala	 India
Batam	 Indonesia
Batangas City	 Philippines
Bataysk	 Russia
Bathinda	 India
Batman	 Turkey
Batna	 Algeria
Baton Rouge	 United States
Battambang	 Cambodia
Batu	 Indonesia
Batu Pahat	 Malaysia
Batumi	 Georgia
Bauru	 Brazil
Bawshar	 Oman
Bayambang	 Philippines
Bayamo	 Cuba
Bayamón	 Puerto Rico
Bayannur	 China
Bayawan	 Philippines
Baybay	 Philippines
Bazhou	 China
Beau-Bassin Rose-Hill	 Mauritius
Beaumont	 United States
Beawar	 India
Béchar	 Algeria
Beed	 India
Beersheba	 Israel
Begusarai	 India
Behbahan	 Iran
Bei'an	 China
Beihai	 China
Beijing	 China
Beipiao	 China
Beira	 Mozambique
Beirut	 Lebanon
Beit Shemesh	 Israel
Béjaïa	 Algeria
Bekasi	 Indonesia
Belém	 Brazil
Belfast	 United Kingdom
Belford Roxo	 Brazil
Belgaum	 India
Belgorod	 Russia
Belgrade	 Serbia
Bellary	 India
Bellevue	 United States
Bello	 Colombia
Belo Horizonte	 Brazil
Bengbu	 China
Benghazi	 Libya
Bengkulu	 Indonesia
Benguela	 Angola
Beni Mellal	 Morocco
Benito Juárez	 Mexico
Benoni	 South Africa
Bento Goncalves	 Brazil
Benxi	 China
Beppu	 Japan
Berbera	 Somalia
Berdyansk	 Ukraine
Berezniki	 Russia
Bergamo	 Italy
Bergen	 Norway
Bergisch Gladbach	 Germany
Berhampur	 India
Berkane	 Morocco
Berkeley	 United States
Berlin	 Germany
Bern	  Switzerland
Berrechid	 Morocco
Besançon	 France
Betim	 Brazil
Bettiah	 India
Betul	 India
Bhadrak	 India
Bhadravati	 India
Bhadreswar	 India
Bhagalpur	 India
Bhalswa Jahangir Pur	 India
Bhalwal	 Pakistan
Bharatpur, Chitwan	   Nepal
Bharatpur, Rajasthan	 India
Bharuch	 India
Bhatpara	 India
Bhavnagar	 India
Bhilai	 India
Bhilwara	 India
Bhimavaram	 India
Bhimdatta	   Nepal
Bhind	 India
Bhiwadi	 India
Bhiwandi	 India
Bhiwani	 India
Bhopal	 India
Bhubaneswar	 India
Bhuj	 India
Bhusawal	 India
Białystok	 Poland
Bidar	 India
Bidhannagar	 India
Bielefeld	 Germany
Bielsko-Biała	 Poland
Bihar Sharif	 India
Bijapur	 India
Bikaner	 India
Bila Tserkva	 Ukraine
Bilaspur	 India
Bilbao	 Spain
Billings	 United States
Biñan	 Philippines
Binangonan	 Philippines
Binjai	 Indonesia
Bintulu	 Malaysia
Binzhou	 China
Biratnagar	   Nepal
Birgunj	   Nepal
Birigui	 Brazil
Birjand	 Iran
Birmingham, Alabama	 United States
Birmingham	 United Kingdom
Bishkek	 Kyrgyzstan
Bishoftu	 Ethiopia
Biskra	 Algeria
Bissau	 Guinea-Bissau
Bitung	 Indonesia
Biysk	 Russia
Bizerte	 Tunisia
Blackburn	 United Kingdom
Blackpool	 United Kingdom
Blagoveshchensk	 Russia
Blantyre	 Malawi
Blida	 Algeria
Blitar	 Indonesia
Bloemfontein	 South Africa
Blumenau	 Brazil
Bnei Brak	 Israel
Bo	 Sierra Leone
Boa Vista	 Brazil
Bobo-Dioulasso	 Burkina Faso
Boca Chica	 Dominican Republic
Bocaue	 Philippines
Bochum	 Germany
Bogor	 Indonesia
Bogota	 Colombia
Bogra	 Bangladesh
Boise	 United States
Bojnord	 Iran
Bokaro Steel City	 India
Boksburg	 South Africa
Bole	 China
Bologna	 Italy
Bolton	 United Kingdom
Bolu	 Turkey
Bolzano	 Italy
Boma	 Democratic Republic of the Congo
Bonao	 Dominican Republic
Bongao	 Philippines
Bonn	 Germany
Bordeaux	 France
Bordj Bou Arréridj	 Algeria
Bordj El Kiffan	 Algeria
Borujerd	 Iran
Bosaso	 Somalia
Boston	 United States
Botad	 India
Botoșani	 Romania
Botou	 China
Botshabelo	 South Africa
Bottrop	 Germany
Botucatu	 Brazil
Bou Saâda	 Algeria
Bouaké	 Ivory Coast
Bouïra	 Algeria
Boulder	 United States
Boulogne-Billancourt	 France
Bournemouth	 United Kingdom
Bozhou	 China
Bradford	 United Kingdom
Braga	 Portugal
Bragança Paulista	 Brazil
Bragança	 Brazil
Brăila	 Romania
Brampton	 Canada
Brasília	 Brazil
Brașov	 Romania
Bratislava	 Slovakia
Bratsk	 Russia
Braunschweig	 Germany
Brazzaville	 Republic of the Congo
Breda	 Netherlands
Bremen	 Germany
Bremerhaven	 Germany
Brescia	 Italy
Brest, Brest	 Belarus
Brest, Brittany	 France
Bridgeport	 United States
Brighton	 United Kingdom
Brisbane	 Australia
Bristol	 United Kingdom
Brno	 Czech Republic
Brownsville	 United States
Bruges	 Belgium
Brusque	 Brazil
Brussels	 Belgium
Bryansk	 Russia
Bucaramanga	 Colombia
Bucharest	 Romania
Bucheon	 South Korea
Budapest	 Hungary
Budaun	 India
Buenaventura	 Colombia
Buenos Aires	 Argentina
Buffalo	 United States
Bujumbura	 Burundi
Bukan	 Iran
Bukavu	 Democratic Republic of the Congo
Bukhara	 Uzbekistan
Bulan	 Philippines
Bulandshahr	 India
Bulawayo	 Zimbabwe
Bundi	 India
Buôn Ma Thuột	 Vietnam
Buraidah	 Saudi Arabia
Burao	 Somalia
Burari	 India
Burbank	 United States
Burewala	 Pakistan
Burgas	 Bulgaria
Burgos	 Spain
Burhanpur	 India
Burlington, Ontario	 Canada
Burnaby	 Canada
Bursa	 Turkey
Busan	 South Korea
Bushehr	 Iran
Butuan	 Philippines
Butwal	   Nepal
Buxar	 India
Buzău	 Romania
Bydgoszcz	 Poland
Bytom	 Poland
Cabanatuan	 Philippines
Cabimas	 Venezuela
Cabo de Santo Agostinho	 Brazil
Cabo Frio	 Brazil
Cabuyao	 Philippines
Cachoeirinha	 Brazil
Cachoeiro de Itapemirim	 Brazil
Cadiz	 Philippines
Cádiz	 Spain
Caen	 France
Cagayan de Oro	 Philippines
Cagliari	 Italy
Cagua	 Venezuela
Caguas	 Puerto Rico
Cainta	 Philippines
Cairns	 Australia
Cairo	 Egypt
Cajamarca	 Peru
Calabar	 Nigeria
Calama	 Chile
Calamba	 Philippines
Calapan	 Philippines
Calbayog	 Philippines
Calgary	 Canada
Cali	 Colombia
Caloocan	 Philippines
Calumpit	 Philippines
Cẩm Phả	 Vietnam
Camaçari	 Brazil
Camagüey	 Cuba
Camaragibe	 Brazil
Cambridge, Massachusetts	 United States
Cambridge, Ontario	 Canada
Cambridge	 United Kingdom
Cametá	 Brazil
Campeche	 Mexico
Campina Grande	 Brazil
Campinas	 Brazil
Campo Grande	 Brazil
Campo Largo	 Brazil
Campos dos Goytacazes	 Brazil
Cần Thơ	 Vietnam
Çanakkale	 Turkey
Canberra	 Australia
Cancún	 Mexico
Candaba	 Philippines
Candelaria	 Philippines
Cangzhou	 China
Canoas	 Brazil
Capas	 Philippines
Cape Coral	 United States
Cape Town	 South Africa
Cap-Haïtien	 Haiti
Capiatá	 Paraguay
Caracas	 Venezuela
Caraguatatuba	 Brazil
Carapicuíba	 Brazil
Carcar	 Philippines
Cardiff	 United Kingdom
Cariacica	 Brazil
Carlsbad	 United States
Carolina	 Puerto Rico
Carora	 Venezuela
Carrefour	 Haiti
Carrollton	 United States
Cartagena de Indias	 Colombia
Cartagena	 Colombia
Cartagena	 Spain
Cartago	 Costa Rica
Cartago	 Colombia
Caruaru	 Brazil
Carúpano	 Venezuela
Cary	 United States
Casablanca	 Morocco
Cascavel	 Brazil
Castanhal	 Brazil
Castellón de la Plana	 Spain
Catacamas	 Honduras
Catanduva	 Brazil
Catania	 Italy
Catbalogan	 Philippines
Cauayan, Isabela	 Philippines
Cauayan, Negros Occidental	 Philippines
Caucaia	 Brazil
Cavite City	 Philippines
Caxias	 Brazil
Caxias do Sul	 Brazil
Cebu City	 Philippines
Cedar Rapids	 United States
Celaya	 Mexico
Centennial, Colorado	 United States
Central Coast	 Australia
Champdani	 India
Chandannagar	 India
Chandausi	 India
Chandigarh	 India
Chandler	 United States
Chandrapur	 India
Changchun	 China
Changde	 China
Changji	 China
Changsha	 China
Changshu	 China
Changwon	 South Korea
Changzhi	 China
Changzhou	 China
Chaohu	 China
Chaoyang	 China
Chaozhou	 China
Chapecó	 Brazil
Charleroi	 Belgium
Charleston	 United States
Charlotte	 United States
Chas	 India
Chatham-Kent	 Canada
Chattanooga	 United States
Cheboksary	 Russia
Chelyabinsk	 Russia
Chemnitz	 Germany
Chengde	 China
Chengdu	 China
Chennai	 India
Chenzhou	 China
Cheonan	 South Korea
Cheongju	 South Korea
Cherepovets	 Russia
Cherkasy	 Ukraine
Cherkessk	 Russia
Chernihiv	 Ukraine
Chernivtsi	 Ukraine
Chesapeake	 United States
Chester	 United Kingdom
Chetumal	 Mexico
Chhapra	 India
Chhatarpur	 India
Chhindwara	 India
Chía	 Colombia
Chiang Mai	 Thailand
Chiayi	 Taiwan
Chiba	 Japan
Chibi City	 China
Chicago	 United States
Chiclayo	 Peru
Chifeng	 China
Chigasaki	 Japan
Chihuahua	 Mexico
Chikmagalur	 India
Chikusei	 Japan
Chikushino	 Japan
Chilakaluripet	 India
Chillán	 Chile
Chilpancingo	 Mexico
Chimalhuacán	 Mexico
Chimbote	 Peru
Chimoio	 Mozambique
Chinandega	 Nicaragua
Chincha Alta	 Peru
Chingola	 Zambia
Chiniot	 Pakistan
Chipata	 Zambia
Chirchiq	 Uzbekistan
Chishtian	 Pakistan
Chişinău	 Moldova
Chita	 Russia
Chitradurga	 India
Chittagong	 Bangladesh
Chittoor	 India
Chittorgarh	 India
Chitungwiza	 Zimbabwe
Chizhou	 China
Chlef	 Algeria
Chōfu	 Japan
Choloma	 Honduras
Choluteca	 Honduras
Chonburi	 Thailand
Chongjin	 North Korea
Chongqing	 China
Chorzów	 Poland
Christchurch	 New Zealand
Chula Vista	 United States
Chuncheon	 South Korea
Chungju	 South Korea
Churu	 India
Chuxiong City	 China
Chuzhou	 China
Ciego de Ávila	 Cuba
Ciénaga	 Colombia
Cienfuegos	 Cuba
Cincinnati	 United States
Cirebon	 Indonesia
Ciudad Acuña	 Mexico
Ciudad Apodaca	 Mexico
Ciudad Bolívar	 Venezuela
Ciudad del Carmen	 Mexico
Ciudad del Este	 Paraguay
Ciudad Delgado	 El Salvador
Ciudad Guayana	 Venezuela
Ciudad Juárez	 Mexico
Ciudad López Mateos	 Mexico
Ciudad Losada	 Venezuela
Ciudad Madero	 Mexico
Ciudad Nezahualcóyotl	 Mexico
Ciudad Obregón	 Mexico
Ciudad Ojeda	 Venezuela
Ciudad Valles	 Mexico
Ciudad Victoria	 Mexico
Cixi	 China
Cizre	 Turkey
Clarksville	 United States
Clearwater	 United States
Clermont-Ferrand	 France
Cleveland	 United States
Cluj-Napoca	 Romania
Coacalco	 Mexico
Coatzacoalcos	 Mexico
Cochabamba	 Bolivia
Codó	 Brazil
Coimbatore	 India
Coimbra	 Portugal
Colatina	 Brazil
Colchester	 United Kingdom
Colima	 Mexico
Cologne	 Germany
Colombo	 Brazil
Colombo	 Sri Lanka
Colón	 Panama
Colorado Springs	 United States
Columbia, Missouri	 United States
Columbia, South Carolina	 United States
Columbus, Georgia	 United States
Columbus, Ohio	 United States
Comayagua	 Honduras
Comilla	 Bangladesh
Comitán	 Mexico
Comodoro Rivadavia	 Argentina
Conakry	 Guinea
Concepción	 Chile
Concepcion	 Philippines
Concord	 United States
Concordia	 Argentina
Conselheiro Lafaiete	 Brazil
Consolacion	 Philippines
Constanţa	 Romania
Constantine	 Algeria
Contagem	 Brazil
Copenhagen	 Denmark
Copiapó	 Chile
Coquimbo	 Chile
Coquitlam	 Canada
Coral Springs	 United States
Córdoba	 Argentina
Córdoba, Andalusia	 Spain
Córdoba, Veracruz	 Mexico
Cork	 Ireland
Çorlu	 Turkey
Corona	 United States
Coronel Fabriciano	 Brazil
Coronel	 Chile
Corpus Christi	 United States
Corrientes	 Argentina
Çorum	 Turkey
Corumbá	 Brazil
Costa Mesa	 United States
Cotabato City	 Philippines
Cotia	 Brazil
Cotonou	 Benin
Cottbus	 Germany
Coventry	 United Kingdom
Craiova	 Romania
Crato	 Brazil
Crawley	 United Kingdom
Criciúma	 Brazil
Cúa	 Venezuela
Cuauhtémoc	 Mexico
Cuautitlán	 Mexico
Cuautla	 Mexico
Cubatão	 Brazil
Cúcuta	 Colombia
Cuddalore	 India
Cuenca	 Ecuador
Cuernavaca	 Mexico
Cuiabá	 Brazil
Culiacán	 Mexico
Cumaná	 Venezuela
Curicó	 Chile
Curitiba	 Brazil
Cusco	 Peru
Cuttack	 India
Częstochowa	 Poland
Da Lat	 Vietnam
Da Nang	 Vietnam
Dabgram	 India
Dąbrowa Górnicza	 Poland
Dadu	 Pakistan
Daegu	 South Korea
Daejeon	 South Korea
Daet	 Philippines
Dagupan	 Philippines
Dahod	 India
Daitō	 Japan
Dakar	 Senegal
Dali	 China
Dalian	 China
Dallas	 United States
Dallupura	 India
Daloa	 Ivory Coast
Daly City	 United States
Damanhur	 Egypt
Damascus	 Syria
Damietta	 Egypt
Dammam	 Saudi Arabia
Damoh	 India
Danao	 Philippines
Danapur	 India
Dandong	 China
Dangyang	 China
Danjiangkou	 China
Danlí	 Honduras
Danyang	 China
Daqing	 China
Dar Es Salaam	 Tanzania
Daraga	 Philippines
Darbhanga	 India
Darjeeling	 India
Darmstadt	 Germany
Darwin	 Australia
Daska	 Pakistan
Dasmariñas	 Philippines
Daşoguz	 Turkmenistan
Datia	 India
Datong	 China
Davangere	 India
Davao City	 Philippines
Dawei	 Myanmar
Dayton	 United States
Dazhou	 China
Debrecen	 Hungary
Deesa	 India
Dehiwala-Mount Lavinia	 Sri Lanka
Dehradun	 India
Dehri	 India
Deir ez Zor	 Syria
Delft	 Netherlands
Delhi Cantonment	 India
Delhi	 India
Delicias	 Mexico
Delmas	 Haiti
Dengzhou	 China
Denizli	 Turkey
Denpasar	 Indonesia
Denton	 United States
Denver	 United States
Deoghar	 India
Deoli	 India
Deoria	 India
Depok	 Indonesia
Dera Ghazi Khan	 Pakistan
Derbent	 Russia
Derby	 United Kingdom
Derince	 Turkey
Derry	 United Kingdom
Des Moines	 United States
Dessie	 Ethiopia
Detroit	 United States
Dewas	 India
Deyang	 China
Dezful	 Iran
Dezhou	 China
Dhahran	 Saudi Arabia
Dhaka	 Bangladesh
Dhamtari	 India
Dhanbad	 India
Dhangadhi	   Nepal
Dharan	   Nepal
Dharmavaram	 India
Dholpur	 India
Dhule	 India
Diadema	 Brazil
Diaobingshan	 China
Dibrugarh	 India
Digos	 Philippines
Dijon	 France
Dili	 Timor-Leste
Dimapur	 India
Dimitrovgrad	 Russia
Dinajpur	 Bangladesh
Dinalupihan	 Philippines
Dindigul	 India
Dingzhou	 China
Diourbel	 Senegal
Dipolog	 Philippines
Dire Dawa	 Ethiopia
Divinópolis	 Brazil
Divo	 Ivory Coast
Diwaniyah	 Iraq
Diyarbakır	 Turkey
Djelfa	 Algeria
Djibouti	 Djibouti
Dnipro	 Ukraine
Dodoma	 Tanzania
Doha	 Qatar
Dohuk	 Iraq
Dombivli	 India
Donetsk	 Ukraine
Dongchuan	 China
Dongguan	 China
Dongtai	 China
Dongyang	 China
Dongying	 China
Dordrecht	 Netherlands
Dortmund	 Germany
Dos Hermanas	 Spain
Dos Quebradas	 Colombia
Douala	 Cameroon
Dourados	 Brazil
Downey	 United States
Dresden	 Germany
Dubai	 United Arab Emirates
Dublin	 Ireland
Dudley	 United Kingdom
Duisburg	 Germany
Duitama	 Colombia
Dujail	 Iraq
Dujiangyan City	 China
Dum Dum	 India
Dumaguete	 Philippines
Dundee	 United Kingdom
Dunedin	 New Zealand
Dunhua	 China
Dunhuang	 China
Duque de Caxias	 Brazil
Durán	 Ecuador
Durango	 Mexico
Durban	 South Africa
Durg	 India
Durgapur	 India
Durham	 United States
Durrës	 Albania
Dushanbe	 Tajikistan
Düsseldorf	 Germany
Duyun	 China
Düzce	 Turkey
Dzerzhinsk	 Russia
Kabul	 Afghanistan
Kabwe	 Zambia
Kadapa	 India
Kadhimiya	 Iraq
Kadoma	 Japan
Kaduna	 Nigeria
Kaechon	 North Korea
Kaesong	 North Korea
Kafr El Sheikh	 Egypt
Kagoshima	 Japan
Kahramanmaraş	 Turkey
Kaifeng	 China
Kaili	 China
Kairouan	 Tunisia
Kaithal	 India
Kaiyuan, Liaoning	 China
Kaiyuan, Yunnan	 China
Kajang	 Malaysia
Kakamigahara	 Japan
Kakegawa	 Japan
Kakinada	 India
Kakogawa	 Japan
Kalar	 Iraq
Kaliningrad	 Russia
Kalisz	 Poland
Kallithea	 Greece
Kalol	 India
Kaluga	 Russia
Kalyan	 India
Kalyan-Dombivli	 India
Kalyani	 India
Kamagaya	 Japan
Kamakura	 Japan
Kamal Shahr	 Iran
Kamarhati	 India
Kamensk-Uralsky	 Russia
Kamianets-Podilskyi	 Ukraine
Kamianske	 Ukraine
Kamoke	 Pakistan
Kampala	 Uganda
Kamptee	 India
Kamyshin	 Russia
Kananga	 Democratic Republic of the Congo
Kanazawa	 Japan
Kanchipuram	 India
Kanchrapara	 India
Kandahar	 Afghanistan
Kandy	 Sri Lanka
Kanggye	 North Korea
Kangundo	 Kenya
Kanhangad	 India
Kankan	 Guinea
Kannur	 India
Kano	 Nigeria
Kanoya	 Japan
Kanpur	 India
Kansas City, Kansas	 United States
Kansas City, Missouri	 United States
Kaohsiung	 Taiwan
Kaolack	 Senegal
Karabük	 Turkey
Karachi	 Pakistan
Karadeniz Ereğli	 Turkey
Karaganda	 Kazakhstan
Karaikkudi	 India
Karaj	 Iran
Karaman	 Turkey
Karamay	 China
Karatsu	 Japan
Karawal Nagar	 India
Karbala	 Iraq
Karimnagar	 India
Kariya	 Japan
Karlsruhe	 Germany
Karnal	 India
Karrada	 Iraq
Karur	 India
Karuri	 Kenya
Kasama	 Zambia
Kasese	 Uganda
Kasganj	 India
Kashan	 Iran
Kashgar	 China
Kashihara	 Japan
Kashipur	 India
Kashiwa	 Japan
Kaspiysk	 Russia
Kassala	 Sudan
Kassel	 Germany
Kasuga	 Japan
Kasugai	 Japan
Kasukabe	 Japan
Kasur	 Pakistan
Kathlehong	 South Africa
Kathmandu	   Nepal
Katihar	 India
Katowice	 Poland
Kaunas	 Lithuania
Kawachinagano	 Japan
Kawagoe	 Japan
Kawaguchi	 Japan
Kawanishi	 Japan
Kawasaki	 Japan
Kayes	 Mali
Kayseri	 Turkey
Kazan	 Russia
Kazo	 Japan
Kecskemét	 Hungary
Kediri	 Indonesia
Keelung	 Taiwan
Kelowna	 Canada
Kemerovo	 Russia
Kempton Park	 South Africa
Kenema	 Sierra Leone
Kenitra	 Morocco
Kerch	 Ukraine
Kerman	 Iran
Kermanshah	 Iran
Khabarovsk	 Russia
Khairpur	 Pakistan
Khamis Mushait	 Saudi Arabia
Khammam	 India
Khan Bani Saad	 Iraq
Khan Yunis	 Palestine
Khandwa	 India
Khanewal	 Pakistan
Khanna	 India
Khanpur	 Pakistan
Kharagpur	 India
Khardaha	 India
Khargone	 India
Kharkiv	 Ukraine
Khartoum	 Sudan
Khartoum North	 Sudan
Khasavyurt	 Russia
Khayelitsha	 South Africa
Khemisset	 Morocco
Khenchela	 Algeria
Khenifra	 Morocco
Kherson	 Ukraine
Khimki	 Russia
Khmelnytskyi	 Ukraine
Khobar	 Saudi Arabia
Khomeini Shahr	 Iran
Khon Kaen	 Thailand
Khora	 India
Khoramabad	 Iran
Khoramshahr	 Iran
Khouribga	 Morocco
Khoy	 Iran
Khulna	 Bangladesh
Khurja	 India
Kidapawan	 Philippines
Kiel	 Germany
Kielce	 Poland
Kigali	 Rwanda
Kikuyu	 Kenya
Kikwit	 Democratic Republic of the Congo
Killeen	 United States
Kimberley	 South Africa
Kimchaek	 North Korea
Kimhae	 South Korea
Kindia	 Guinea
Kingston	 Jamaica
Kingston upon Hull	 United Kingdom
Kingston, Ontario	 Canada
Kinshasa	 Democratic Republic of the Congo
Kira Town	 Uganda
Kirari Suleman Nagar	 India
Kirishima	 Japan
Kirkuk	 Iraq
Kirov	 Russia
Kiryu	 Japan
Kisangani	 Democratic Republic of the Congo
Kisarazu	 Japan
Kishanganj	 India
Kishangarh	 India
Kishiwada	 Japan
Kislovodsk	 Russia
Kisumu	 Kenya
Kitakyushu	 Japan
Kitale	 Kenya
Kitami	 Japan
Kitchener	 Canada
Kitui	 Kenya
Kitwe	 Zambia
Kırıkkale	 Turkey
Kırşehir	 Turkey
Kızıltepe	 Turkey
Klaipėda	 Lithuania
Klang	 Malaysia
Kluang	 Malaysia
Knoxville	 United States
Kobe	 Japan
Koblenz	 Germany
Kochi	 India
Kōchi	 Japan
Kodaira	 Japan
Koforidua	 Ghana
Kofu	 Japan
Koga	 Japan
Koganei	 Japan
Kohat	 Pakistan
Kokand	 Uzbekistan
Kokshetau	 Kazakhstan
Kokubunji	 Japan
Kolar	 India
Kolhapur	 India
Kolkata	 India
Kollam	 India
Kolomna	 Russia
Kolwezi	 Democratic Republic of the Congo
Komaki	 Japan
Komatsu	 Japan
Komsomolsk-on-Amur	 Russia
Kōnosu	 Japan
Konya	 Turkey
Kopeysk	 Russia
Korba	 India
Korhogo	 Ivory Coast
Koriyama	 Japan
Korla	 China
Korolyov	 Russia
Koronadal	 Philippines
Koshigaya	 Japan
Košice	 Slovakia
Kostanay	 Kazakhstan
Kosti	 Sudan
Kostroma	 Russia
Koszalin	 Poland
Kota	 India
Kota Bharu	 Malaysia
Kota Kinabalu	 Malaysia
Kottayam	 India
Koutiala	 Mali
Kovrov	 Russia
Kozhikode	 India
Kragujevac	 Serbia
Kraków	 Poland
Kraljevo	 Serbia
Kramatorsk	 Ukraine
Krasnodar	 Russia
Krasnogorsk	 Russia
Krasnoyarsk	 Russia
Krefeld	 Germany
Kremenchuk	 Ukraine
Krishnanagar	 India
Kropyvnytskyi	 Ukraine
Kruševac	 Serbia
Kryvyi Rih	 Ukraine
Kuala Lumpur	 Malaysia
Kuala Terengganu	 Malaysia
Kuantan	 Malaysia
Kuching	 Malaysia
Kufa	 Iraq
Kuki	 Japan
Kulai	 Malaysia
Kulti	 India
Kumagaya	 Japan
Kumamoto	 Japan
Kumasi	 Ghana
Kumbakonam	 India
Kunduz	 Afghanistan
Kunming	 China
Kunshan	 China
Kuopio	 Finland
Kurashiki	 Japan
Kure	 Japan
Kurgan	 Russia
Kurichi	 India
Kurnool	 India
Kursk	 Russia
Kurume	 Japan
Kusatsu	 Japan
Kushiro	 Japan
Kusong	 North Korea
Kut	 Iraq
Kütahya	 Turkey
Kutaisi	 Georgia
Kuwait City	 Kuwait
Kuwana	 Japan
Kuytun	 China
Kwekwe	 Zimbabwe
Kyiv	 Ukraine
Kyoto	 Japan
Kyzyl	 Russia
Kyzylorda	 Kazakhstan
East Jerusalem	 Palestine
Eastbourne	 United Kingdom
Ebetsu	 Japan
Ebina	 Japan
Ecatepec	 Mexico
Ede, Gelderland	 Netherlands
Ede, Osun	 Nigeria
Edinburgh	 United Kingdom
Edirne	 Turkey
Edmonton	 Canada
Eindhoven	 Netherlands
Ekibastuz	 Kazakhstan
El Aaiún	 Western Sahara
El Alto	 Bolivia
El Eulma	 Algeria
El Jadida	 Morocco
El Khroub	 Algeria
El Monte	 United States
El-Obeid	 Sudan
El Oued	 Algeria
El Paso	 United States
El Progreso	 Honduras
El Tigre	 Venezuela
Elazığ	 Turkey
Elbasan	 Albania
Elbląg	 Poland
Elche	 Spain
Eldoret	 Kenya
Elektrostal	 Russia
Elgin	 United States
Elista	 Russia
Elizabeth	 United States
Elk Grove	 United States
El-Mahalla El-Kubra	 Egypt
Eluru	 India
Embu das Artes	 Brazil
Emmen	 Netherlands
Engels	 Russia
English Bazar	 India
Enschede	 Netherlands
Ensenada	 Mexico
Enshi	 China
Enugu	 Nigeria
Envigado	 Colombia
Erbil	 Iraq
Erfurt	 Germany
Erie	 United States
Erlangen	 Germany
Erode	 India
Erzurum	 Turkey
Escondido	 United States
Escuintla	 Guatemala
Esenler	 Turkey
Esfahan	 Iran
Eskişehir	 Turkey
Esmeraldas	 Ecuador
Espoo	 Finland
Essen	 Germany
Etah	 India
Etawah	 India
Eugene	 United States
Eujeongbu	 South Korea
Evansville	 United States
Everett	 United States
Exeter	 United Kingdom
Ezhou	 China
Facatativá	 Colombia
Fairfield	 United States
Faisalabad	 Pakistan
Faizabad	 India
Fallujah	 Iraq
Fargo	 United States
Faridabad	 India
Farrukhabad	 India
Fasa	 Iran
Fatehgarh	 India
Fatehpur	 India
Fayetteville	 United States
Fayyum	 Egypt
Feira de Santana	 Brazil
Fengcheng	 China
Fenghua	 China
Fergana	 Uzbekistan
Fernando de la Mora	 Paraguay
Ferrara	 Italy
Ferraz de Vasconcelos	 Brazil
Fes	 Morocco
Fianarantsoa	 Madagascar
Firozabad	 India
Firozpur	 India
Flint	 United States
Florence	 Italy
Florencia	 Colombia
Florianópolis	 Brazil
Floridablanca	 Colombia
Floridablanca	 Philippines
Foggia	 Italy
Fontana	 United States
Forlì	 Italy
Formosa	 Argentina
Formosa	 Brazil
Fort Collins	 United States
Fort Lauderdale	 United States
Fort Wayne	 United States
Fort Worth	 United States
Fortaleza	 Brazil
Foshan	 China
Foz do Iguaçu	 Brazil
Fquih Ben Salah	 Morocco
Franca	 Brazil
Franceville	 Gabon
Francisco Morato	 Brazil
Francistown	 Botswana
Franco da Rocha	 Brazil
Frankfurt am Main	 Germany
Frederiksberg	 Denmark
Freetown	 Sierra Leone
Freiburg im Breisgau	 Germany
Fremont	 United States
Fresnillo	 Mexico
Fresno	 United States
Frisco	 United States
Fu'an	 China
Fuchu	 Japan
Fuenlabrada	 Spain
Fuji	 Japan
Fujieda	 Japan
Fujimi	 Japan
Fujimino	 Japan
Fujin City	 China
Fujinomiya	 Japan
Fujisawa	 Japan
Fukaya	 Japan
Fukui	 Japan
Fukuoka	 Japan
Fukushima	 Japan
Fukuyama	 Japan
Fuling	 China
Fullerton	 United States
Funabashi	 Japan
Funchal	 Portugal
Fürth	 Germany
Fusagasugá	 Colombia
Fushun	 China
Fuxin	 China
Fuyang	 China
Fuzhou, Jiangxi	 China
Fuzhou, Fujian	 China
Gabès	 Tunisia
Gaborone	 Botswana
Gadag-Betgeri	 India
Gagnoa	 Ivory Coast
Gainesville	 United States
Galați	 Romania
Gandhidham	 India
Gandhinagar	 India
Ganganagar	 India
Gangapur	 India
Gangavati	 India
Gangneung	 South Korea
Gangtok	 India
Ganzhou	 China
Gaocheng	 China
Gapan	 Philippines
Garanhuns	 Brazil
Garden Grove	 United States
Garissa	 Kenya
Garland	 United States
Garoua	 Cameroon
Gatineau	 Canada
Gaya	 India
Gaza City	 Palestine
Gaziantep	 Turkey
Gdańsk	 Poland
Gdynia	 Poland
Gebze	 Turkey
Geelong	 Australia
Gejiu	 China
Geleen-Sittard	 Netherlands
Gelsenkirchen	 Germany
Gəncə	 Azerbaijan
General Mariano Alvarez	 Philippines
General Santos	 Philippines
General Trias	 Philippines
Geneva	  Switzerland
Genova	 Italy
George Town	 Malaysia
Georgetown	 Guyana
Germiston	 South Africa
Getafe	 Spain
Ghardaïa	 Algeria
Gharraf [ar]	 Iraq
Ghaziabad	 India
Ghazipur	 India
Ghazni	 Afghanistan
Ghent	 Belgium
Gifu	 Japan
Gijón	 Spain
Gilbert	 United States
Gingoog	 Philippines
Girardot	 Colombia
Giresun	 Turkey
Giridih	 India
Giugliano in Campania	 Italy
Giza	 Egypt
Glan	 Philippines
Glasgow	 United Kingdom
Glendale, Arizona	 United States
Glendale, California	 United States
Gliwice	 Poland
Gloucester	 United Kingdom
Godhra	 India
Godoy Cruz	 Ecuador
Goiânia	 Brazil
Goicoechea	 Costa Rica
Gojra	 India
Gojra	 Pakistan
Gokal Pur	 India
Gold Coast	 Australia
Golestan	 Iran
Goma	 Democratic Republic of the Congo
Gómez Palacio	 Mexico
Gonbad-e Qabus	 Iran
Gonda	 India
Gondal	 India
Gondar	 Ethiopia
Gondiya	 India
Gongzhuling	 China
Gorakhpur	 India
Gorgan	 Iran
Gorom-Gorom	 Burkina Faso
Gorontalo	 Indonesia
Gorzów Wielkopolski	 Poland
Gothenburg	 Sweden
Göttingen	 Germany
Governador Valadares	 Brazil
Granada, Granada	 Nicaragua
Granada, Andalusia	 Spain
Grand Prairie	 United States
Grand Rapids	 United States
Gravataí	 Brazil
Graz	 Austria
Greater Noida	 India
Greater Sudbury	 Canada
Green Bay	 United States
Greensboro	 United States
Grenoble	 France
Gresham	 United States
Groningen	 Netherlands
Grozny	 Russia
Guacara	 Venezuela
Guadalajara	 Mexico
Guadalupe	 Mexico
Guagua	 Philippines
Guanajuato	 Mexico
Guanare	 Venezuela
Guanghan	 China
Guangshui	 China
Guangyuan	 China
Guangzhou	 China
Guantánamo	 Cuba
Guarapari	 Brazil
Guarapuava	 Brazil
Guaratinguetá	 Brazil
Guarenas	 Venezuela
Guarujá	 Brazil
Guarulhos	 Brazil
Guatemala City	 Guatemala
Guatire	 Venezuela
Guayaquil	 Ecuador
Guaymas	 Mexico
Gudivada	 India
Guédiawaye	 Senegal
Guelma	 Algeria
Guelmim	 Morocco
Guelph	 Canada
Guigang	 China
Guilin	 China
Guimarães	 Portugal
Guimba	 Philippines
Guiyang	 China
Gujiao	 China
Gujranwala	 Pakistan
Gujrat City	 India
Gujrat	 Pakistan
Gulbarga	 India
Gulu	 Uganda
Gumi	 South Korea
Guna	 India
Gunsan	 South Korea
Guntakul	 India
Guntur	 India
Gurgaon	 India
Guri	 South Korea
Guwahati	 India
Gwalior	 India
Gwangju	 South Korea
Gweru	 Zimbabwe
Gyeongju	 South Korea
Győr	 Hungary
Gyumri	 Armenia
Ha Long	 Vietnam
Haarlem	 Netherlands
Haarlemmermeer	 Netherlands
Habikino	 Japan
Habra	 India
Hachinohe	 Japan
Hachiōji	 Japan
Hadano	 Japan
Haeju	 North Korea
Hafar Al-Batin	 Saudi Arabia
Hafizabad	 Pakistan
Hagen	 Germany
Hagonoy	 Philippines
The Hague	 Netherlands
Haicheng	 China
Haifa	 Israel
Haikou	 China
Ha'il	 Saudi Arabia
Hailun	 China
Haining City	 China
Haiphong	 Vietnam
Hajipur	 India
Hakodate	 Japan
Hakusan	 Japan
Haldia	 India
Haldwani-cum-Kathgodam	 India
Halifax	 Canada
Halisahar	 India
Halle	 Germany
Hama	 Syria
Hamadan	 Iran
Hamamatsu	 Japan
Hamburg	 Germany
Hamhung	 North Korea
Hami City	 China
Hamilton	 New Zealand
Hamilton	 Canada
Hamm	 Germany
Hampton	 United States
Hamza	 Iraq
Hanam	 South Korea
Hancheng	 China
Handa	 Japan
Handan	 China
Hangzhou	 China
Hanoi	 Vietnam
Hanover	 Germany
Hanumangarh	 India
Hanzhong	 China
Haora	 India
Hapur	 India
Harar	 Ethiopia
Harare	 Zimbabwe
Harbin	 China
Hardoi	 India
Hargeisa	 Somalia
Haridwar	 India
Hartford	 United States
Hassan	 India
Hastsal	 India
Hat Yai	 Thailand
Hathras	 India
Hatsukaichi	 Japan
Havana	 Cuba
Hawally	 Kuwait
Hawija	 Iraq
Hayward	 United States
Hazaribagh	 India
Hebi	 China
Hebron	 Palestine
Hechi	 China
Heerlen-Kerkrade	 Netherlands
Hefei	 China
Hegang	 China
Heidelberg	 Germany
Heihe	 China
Heilbronn	 Germany
Helsingborg	 Sweden
Helsinki	 Finland
Helwan	 Egypt
Henderson	 United States
Hengshui	 China
Hengyang	 China
Heraklion	 Greece
Herat	 Afghanistan
Heredia	 Costa Rica
Hermosillo	 Mexico
Herne	 Germany
Heshan	 China
Hetian	 China
Heyuan	 China
Heze	 China
Hialeah	 United States
Higashihiroshima	 Japan
Higashikurume	 Japan
Higashimurayama	 Japan
Higashiōmi	 Japan
Higashiōsaka	 Japan
High Point	 United States
Higüey	 Dominican Republic
Hikone	 Japan
Hildesheim	 Germany
Hilla	 Iraq
Himamaylan	 Philippines
Himeji	 Japan
Hindaun	 India
Hindupur	 India
Hinganghat	 India
Hino	 Japan
Hirakata	 Japan
Hiratsuka	 Japan
Hirosaki	 Japan
Hiroshima	 Japan
Hisar	 India
Hitachi	 Japan
Hitachinaka	 Japan
Ho Chi Minh City	 Vietnam
Hobart	 Australia
Hofu	 Japan
Hofuf	 Saudi Arabia
Hoima	 Uganda
Holguín	 Cuba
Hollywood, Florida	 United States
Holon	 Israel
Homs	 Syria
Homyel	 Belarus
Hong Kong	 Hong Kong
Honghu	 China
Honolulu	 United States
Horlivka	 Ukraine
Hortolândia	 Brazil
Hoshangabad	 India
Hoshiarpur	 India
Hospet	 India
Hospitalet de Llobregat	 Spain
Hosur	 India
Houghly-Chinsura	 India
Houma	 China
Houston	 United States
Hoya	 Japan
Hpa-An	 Myanmar
Hrodna	 Belarus
Hsinchu	 Taiwan
Huadian	 China
Huaian	 China
Huaibei	 China
Huaihua	 China
Huainan	 China
Huaiyin	 China
Huambo	 Angola
Huancayo	 Peru
Huanghua	 China
Huangshan City	 China
Huangshi	 China
Huangyan	 China
Huánuco	 Peru
Huaraz	 Peru
Huaying	 China
Hubli–Dharwad	 India
Hudaida	 Yemen
Huddersfield	 United Kingdom
Huế	 Vietnam
Huelva	 Spain
Huhehaote	 China
Huichon	 North Korea
Huixian	 China
Huizhou	 China
Huludao	 China
Hulunbuir	 China
Hunchun	 China
Huntington Beach	 United States
Huntsville	 United States
Huozhou	 China
Hurghada	 Egypt
Huzhou	 China
Hyderabad, Sindh	 Pakistan
Hyderabad, Andhra Pradesh	 India
Hyesan	 North Korea
Iaşi	 Romania
Ibadan	 Nigeria
Ibagué	 Colombia
Ibaraki	 Japan
Ibarra	 Ecuador
Ibirité	 Brazil
Ibri	 Oman
Ica	 Peru
Ichalakaranji	 India
Ichihara	 Japan
Ichikawa	 Japan
Ichinomiya, Aichi	 Japan
Ichinoseki	 Japan
Idlib	 Syria
Ife	 Nigeria
Igarassu	 Brazil
Iguala	 Mexico
Iida	 Japan
Iizuka	 Japan
Ikeda	 Japan
Ikere-Ekiti	 Nigeria
Ikoma	 Japan
Iksan	 South Korea
Ilagan	 Philippines
Ilam	 Iran
Ilesa	 Nigeria
Ilhéus	 Brazil
Iligan	 Philippines
Iloilo City	 Philippines
Ilopango	 El Salvador
Ilorin	 Nigeria
Imabari	 Japan
Imbaba	 Egypt
Imperatriz	 Brazil
Imphal	 India
Imus	 Philippines
Inazawa	 Japan
Incheon	 South Korea
Indaiatuba	 Brazil
Independence	 United States
Indianapolis	 United States
Indore	 India
Inegöl	 Turkey
Inezgane	 Morocco
Inglewood	 United States
Ingolstadt	 Germany
Innsbruck	 Austria
Ipatinga	 Brazil
Ipiales	 Colombia
Ipoh	 Malaysia
Ipswich	 United Kingdom
Iquique	 Chile
Iquitos	 Peru
Irapuato	 Mexico
Irbid	 Jordan
Iriga	 Philippines
Irkutsk	 Russia
Iruma	 Japan
Irvine	 United States
Irving	 United States
Isabela	 Philippines
Isahaya	 Japan
Ise	 Japan
Isehara	 Japan
Isesaki	 Japan
Ishinomaki	 Japan
Iskandariya	 Iraq
İskenderun	 Turkey
Islam Shahr	 Iran
Islamabad	 Pakistan
Ismaïlia	 Egypt
Isparta	 Turkey
İstanbul	 Turkey
Itabira	 Brazil
Itaboraí	 Brazil
Itabuna	 Brazil
Itaguaí	 Brazil
Itagüí	 Colombia
Itajaí	 Brazil
Itami	 Japan
Itapecerica da Serra	 Brazil
Itapetininga	 Brazil
Itapevi	 Brazil
Itapipoca	 Brazil
Itaquaquecetuba	 Brazil
Itatiba	 Brazil
Itu	 Brazil
Ituiutaba	 Brazil
Itumbiara	 Brazil
Ivano-Frankivsk	 Ukraine
Ivanovo	 Russia
Iwaki, Fukushima	 Japan
Iwakuni	 Japan
Iwata	 Japan
Iwatsuki	 Japan
Iwo	 Nigeria
Ixtapaluca	 Mexico
Izeh	 Iran
Izhevsk	 Russia
İzmir	 Turkey
İzmit	 Turkey
Izumi	 Japan
Izumisano	 Japan
Izumo	 Japan
Jabalpur	 India
Jaboatao dos Guarapes	 Brazil
Jacareí	 Brazil
Jackson	 United States
Jacksonville	 United States
Jacobabad	 Pakistan
Jaén	 Spain
Jagadhri	 India
Jagdalpur	 India
Jagtial	 India
Jahrom	 Iran
Jaipur	 India
Jakarta	 Indonesia
Jalalabad	 Afghanistan
Jalandhar	 India
Jalgaon	 India
Jalna	 India
Jalpaiguri	 India
Jamalpur	 Bangladesh
Jamalpur, Bihar	 India
Jambi	 Indonesia
Jammu	 India
Jamnagar	 India
Jamshedpur	 India
Jamundí	 Colombia
Jamuria	 India
Jandira	 Brazil
Japeri	 Brazil
Jaraguá do Sul	 Brazil
Jaranwala	 Pakistan
Jaú	 Brazil
Jaunpur	 India
Jayapura	 Indonesia
Jeddah	 Saudi Arabia
Jehanabad	 India
Jeju	 South Korea
Jena	 Germany
Jeongeup	 South Korea
Jeongju	 North Korea
Jeonju	 South Korea
Jequié	 Brazil
Jerez de la Frontera	 Spain
Jersey City	 United States
Jerusalem	 Israel
Jessore	 Bangladesh
Jetpur	 India
Jhang	 Pakistan
Jhansi	 India
Jhelum	 Pakistan
Jhunjhunu	 India
Jiagedaqi	 China
Jiamusi	 China
Ji'an	 China
Ji'an	 China
Jiangmen	 China
Jiangshan	 China
Jiangyin	 China
Jiangyou	 China
Jiaohe	 China
Jiaojiang	 China
Jiaozhou City	 China
Jiaozuo	 China
Jiaxing	 China
Jiayuguan	 China
Jieshou	 China
Jijel	 Algeria
Jimma	 Ethiopia
Jimo	 China
Jinan	 China
Jinchang	 China
Jincheng	 China
Jind	 India
Jingdezhen	 China
Jingmen	 China
Jingzhou	 China
Jinhua	 China
Jining	 China
Jinshi City	 China
Jinzhong	 China
Jinzhou	 China
Ji-Paraná	 Brazil
Jiroft	 Iran
Jishou	 China
Jisr Diyala	 Iraq
Jiujiang	 China
Jiuquan	 China
Jiutai	 China
Jiutepec	 Mexico
Jixi	 China
Jiyuan	 China
Jizan	 Saudi Arabia
Jizzakh	 Uzbekistan
Jleeb Al-Shuyoukh	 Kuwait
João Pessoa	 Brazil
Jodhpur	 India
Joetsu	 Japan
Johannesburg	 South Africa
Johor Bahru	 Malaysia
Joinville	 Brazil
Joliet	 United States
Jolo	 Philippines
Jorhat	 India
Jos	 Nigeria
Juazeiro do Norte	 Brazil
Juazeiro	 Brazil
Juba	 South Sudan
Jubail	 Saudi Arabia
Juiz de Fora	 Brazil
Juliaca	 Peru
Junagadh	 India
Jundiaí	 Brazil
Juticalpa	 Honduras
Jyväskylä	 Finland
La Ceiba	 Honduras
La Paz, Baja California Sur	 Mexico
La Paz	 Bolivia
La Plata	 Argentina
La Rioja	 Argentina
La Romana	 Dominican Republic
La Serena	 Chile
La Trinidad	 Philippines
La Unión	 Costa Rica
La Vega	 Dominican Republic
La Victoria	 Venezuela
Labo	 Philippines
Lafayette	 United States
Lagarto	 Brazil
Lages	 Brazil
Laghouat	 Algeria
Lagos de Moreno	 Mexico
Lagos	 Nigeria
Lahore	 Pakistan
Lahti	 Finland
Laiwu	 China
Laiyang	 China
Laizhou	 China
Lakewood	 United States
Lakhimpur	 India
Lalitpur	 India
Lalitpur	   Nepal
Lambaré	 Paraguay
Lancaster	 United States
Langfang	 China
Lansing	 United States
Lanús	 Argentina
Lanxi	 China
Lanzhou	 China
Laoag	 Philippines
Laohekou	 China
Lapu-Lapu	 Philippines
Larache	 Morocco
Laredo	 United States
Larissa	 Greece
Larkana	 Pakistan
Larnaca	 Cyprus
Las Palmas de Gran Canaria	 Spain
Las Piñas	 Philippines
Las Tunas	 Cuba
Las Vegas	 United States
Latakia	 Syria
Latina	 Italy
Latur	 India
Lauro de Freitas	 Brazil
Lausanne	  Switzerland
Laval	 Canada
Lavras	 Brazil
Lázaro Cárdenas	 Mexico
Le Havre	 France
Le Mans	 France
Leeds	 United Kingdom
Leeuwarden	 Netherlands
Leganés	 Spain
Legazpi	 Philippines
Legnica	 Poland
Leicester	 United Kingdom
Leiden	 Netherlands
Leipzig	 Germany
Leiyang	 China
Leling	 China
Lengshuijiang	 China
Lengshuitan	 China
Leninsk-Kuznetsky	 Russia
León	 Mexico
León	 Nicaragua
León	 Spain
Leshan	 China
Leskovac	 Serbia
Leverkusen	 Germany
Lévis	 Canada
Lexington	 United States
Lhasa	 China
Lianyuan	 China
Lianyungang	 China
Liaocheng	 China
Liaoyang	 China
Liaoyuan	 China
Liberec	 Czech Republic
Libmanan	 Philippines
Libreville	 Gabon
Lichinga	 Mozambique
Lichuan	 China
Liège	 Belgium
Ligao	 Philippines
Likasi	 Democratic Republic of the Congo
Liling	 China
Lille	 France
Liloan	 Philippines
Lilongwe	 Malawi
Lima	 Peru
Limassol	 Cyprus
Limeira	 Brazil
Limerick	 Ireland
Limoges	 France
Lincoln	 United States
Linfen	 China
Lingayen	 Philippines
Linhai	 China
Linhares	 Brazil
Linköping	 Sweden
Linqing	 China
Linxia	 China
Linyi	 China
Linz	 Austria
Lipa	 Philippines
Lipetsk	 Russia
Lisbon	 Portugal
Lishui	 China
Little Rock	 United States
Liupanshui	 China
Liuzhou	 China
Liverpool	 United Kingdom
Livingstone	 Zambia
Livorno	 Italy
Ljubljana	 Slovenia
Lleida	 Spain
Lobito	 Angola
Łódź	 Poland
Logroño	 Spain
Loikaw	 Myanmar
Loja	 Ecuador
Lomas de Zamora	 Argentina
Lomé	 Togo
London	 Canada
London	 United Kingdom
Londrina	 Brazil
Long Beach	 United States
Longjing	 China
Longkou	 China
Longueuil	 Canada
Longxuyen	 Vietnam
Longyan	 China
Loni	 India
Los Alcarrizos	 Dominican Republic
Los Angeles	 United States
Los Ángeles	 Chile
Los Baños	 Philippines
Los Guayos	 Venezuela
Los Mochis	 Mexico
Los Teques	 Venezuela
Loudi	 China
Louisville	 United States
Lowell	 United States
Lower Hutt	 New Zealand
Lu'an	 China
Luanda	 Angola
Luanshya	 Zambia
Lubao	 Philippines
Lubbock	 United States
Lübeck	 Germany
Lublin	 Poland
Lubumbashi	 Democratic Republic of the Congo
Lucena	 Philippines
Lucknow	 India
Ludhiana	 India
Ludwigshafen am Rhein	 Germany
Lugazi	 Uganda
Luhansk	 Ukraine
Lüleburgaz	 Turkey
Luohe	 China
Luoyang	 China
Luque	 Paraguay
Lusaka	 Zambia
Luton	 United Kingdom
Lutsk	 Ukraine
Luxembourg	 Luxembourg
Luxor	 Egypt
Luzhou	 China
Luziânia	 Brazil
Lviv	 Ukraine
Lyon	 France
Lysychansk	 Ukraine
Lyubertsy	 Russia
Ma'anshan	 China
Maastricht	 Netherlands
Mabalacat	 Philippines
Macaé	 Brazil
Macapá	 Brazil
Macau	 Macau
Maceió	 Brazil
Machakos	 Kenya
Machala	 Ecuador
Macheng	 China
Machida	 Japan
Machilipatnam	 India
Madanapalle	 India
Madhavaram	 India
Madhyamgram	 India
Madina	 Ghana
Madison	 United States
Madiun	 Indonesia
Madrid	 Spain
Madurai	 India
Maebashi	 Japan
Magalang	 Philippines
Magangué	 Colombia
Magdeburg	 Germany
Magé	 Brazil
Magelang	 Indonesia
Magnitogorsk	 Russia
Magway	 Myanmar
Mahabad	 Iran
Mahajanga	 Madagascar
Mahbubnagar	 India
Maheshtala	 India
Mahmoudiyah	 Iraq
Maicao	 Colombia
Maidstone	 United Kingdom
Maiduguri	 Nigeria
Mainpuri	 India
Mainz	 Germany
Makassar	 Indonesia
Makati	 Philippines
Makeni	 Sierra Leone
Makhachkala	 Russia
Makiivka	 Ukraine
Malabo	 Equatorial Guinea
Malabon	 Philippines
Málaga	 Spain
Malakal	 South Sudan
Malang	 Indonesia
Malappuram	 India
Malard	 Iran
Malasiqui	 Philippines
Malatya	 Turkey
Malaybalay	 Philippines
Malayer	 Iran
Malé	 Maldives
Malegaon	 India
Malerkotla	 India
Malindi	 Kenya
Malita	 Philippines
Malmö	 Sweden
Malolos	 Philippines
Malungon	 Philippines
Mamuju	 Indonesia
Man	 Ivory Coast
Manado	 Indonesia
Managua	 Nicaragua
Manama	 Bahrain
Manaus	 Brazil
Manavgat	 Turkey
Manchester, New Hampshire	 United States
Manchester	 United Kingdom
Mandalay	 Myanmar
Mandaluyong	 Philippines
Mandaue	 Philippines
Mandoli	 India
Mandsaur	 India
Mandya	 India
Mangaldan	 Philippines
Mangalore	 India
Mangaung	 South Africa
Mango	 India
Manila	 Philippines
Manisa	 Turkey
Manizales	 Colombia
Mannheim	 Germany
Manolo Fortich	 Philippines
Mansoura	 Egypt
Manta	 Ecuador
Manzanillo	 Mexico
Manzhouli	 China
Maoming	 China
Maputo	 Mozambique
Mar del Plata	 Argentina
Maraba	 Brazil
Maracaibo	 Venezuela
Maracanau	 Brazil
Maracay	 Venezuela
Maradi	 Niger
Maramag	 Philippines
Marand	 Iran
Maranguape	 Brazil
Maraqeh	 Iran
Marawi	 Philippines
Marbella	 Spain
Mardan	 Pakistan
Margilan	 Uzbekistan
Maricá	 Brazil
Marikina	 Philippines
Marilao	 Philippines
Marília	 Brazil
Maringá	 Brazil
Marituba	 Brazil
Mariupol	 Ukraine
Marivan	 Iran
Mariveles	 Philippines
Markham	 Canada
Marrakech	 Morocco
Marseille	 France
Marugame	 Japan
Marvdasht	 Iran
Mary	 Uzbekistan
Masaka	 Uganda
Masaya	 Nicaragua
Mascara	 Algeria
Maseru	 Lesotho
Mashhad	 Iran
Masjed Soleyman	 Iran
Matadi	 Democratic Republic of the Congo
Matamoros, Tamaulipas	 Mexico
Matanzas	 Cuba
Mataram	 Indonesia
Mataró	 Spain
Mathura	 India
Mati	 Philippines
Matola	 Mozambique
Matsubara	 Japan
Matsudo	 Japan
Matsue	 Japan
Matsumoto	 Japan
Matsusaka	 Japan
Matsuyama	 Japan
Maturín	 Venezuela
Mau	 India
Mauá	 Brazil
Mawlamyine	 Myanmar
Maxixe	 Mozambique
Maykop	 Russia
Mazari Sharif	 Afghanistan
Mazatlán	 Mexico
Mazyr	 Belarus
Mbandaka	 Democratic Republic of the Congo
Mbarara	 Uganda
Mbeya	 Tanzania
Mbour	 Senegal
Mbuji-Mayi	 Democratic Republic of the Congo
McAllen, Texas	 United States
McKinney, Texas	 United States
Mecca	 Saudi Arabia
Medan	 Indonesia
Medea	 Algeria
Medellín	 Colombia
Medina	 Saudi Arabia
Medinipur	 India
Meerut	 India
Mehsana	 India
Meihekou	 China
Meizhou	 China
Mejicanos	 El Salvador
Mekele	 Ethiopia
Meknes	 Morocco
Melbourne	 Australia
Melitopol	 Ukraine
Memphis, Tennessee	 United States
Mendoza	 Argentina
Mérida	 Venezuela
Mérida	 Mexico
Mersin	 Turkey
Mesa, Arizona	 United States
Mesquita	 Brazil
Mesquite, Texas	 United States
Messad	 Algeria
Messina	 Italy
Metepec	 Mexico
Metz	 France
Mexicali	 Mexico
Mexico City	 Mexico
Mexico	 Philippines
Meycauayan	 Philippines
Mezhdurechensk	 Russia
Miami Gardens, Florida	 United States
Miami	 United States
Miandoab	 Iran
Mianyang	 China
Miass	 Russia
Middlesbrough	 United Kingdom
Midland	 United States
Midsayap	 Philippines
Milagro	 Ecuador
Milan	 Italy
Milton Keynes	 United Kingdom
Miluo	 China
Milwaukee, Wisconsin	 United States
Minatitlán	 Mexico
Minglanilla	 Philippines
Mangora	 Pakistan
Minneapolis, Minnesota	 United States
Minoh	 Japan
Minsk	 Belarus
Minya	 Egypt
Miqdadiyah	 Iraq
Mira-Bhayandar	 India
Miramar	 United States
Miri	 Malaysia
Mirpur Khas	 Pakistan
Miryalaguda	 India
Mirzapur-cum-Vindhyachal	 India
Misato	 Japan
Mishan	 China
Mishima	 Japan
Miskolc	 Hungary
Misrata	 Libya
Mississauga	 Canada
Mitaka	 Japan
Mito	 Japan
Mixco	 Guatemala
Miyakonojo	 Japan
Miyazaki	 Japan
Mobile, Alabama	 United States
Moca	 Dominican Republic
Modena	 Italy
Modesto, California	 United States
Modinagar	 India
Moers	 Germany
Moga	 India
Mogadishu	 Somalia
Mogi das Cruzes	 Brazil
Mogi Guaçu	 Brazil
Mogilev	 Belarus
Mogpo	 South Korea
Mohammadshahr	 Iran
Mohammedia	 Morocco
Mojokerto	 Indonesia
Mombasa	 Kenya
Mönchengladbach	 Germany
Monclova	 Mexico
Moncton	 Canada
Monrovia	 Liberia
Montego Bay	 Jamaica
Montería	 Colombia
Monterrey	 Mexico
Montes Claros	 Brazil
Montevideo	 Uruguay
Montgomery, Alabama	 United States
Montpellier	 France
Montreal	 Canada
Montreuil	 France
Monywa	 Myanmar
Monza	 Italy
Mopti	 Mali
Moradabad	 India
Moratuwa	 Sri Lanka
Morelia	 Mexico
Morena	 India
Moreno Valley, California	 United States
Moriguchi	 Japan
Morioka	 Japan
Morogoro	 Tanzania
Morvi	 India
Moscow	 Russia
Mossoró	 Brazil
Mostaganem	 Algeria
Mostar	 Bosnia and Herzegovina
Móstoles	 Spain
Mosul	 Iraq
Motihari	 India
M'Sila	 Algeria
Mudanjiang	 China
Mueang Samut Prakan	 Thailand
Mufulira	 Zambia
Mughalsarai	 India
Mukdahan	 Thailand
Mukono Town	 Uganda
Mülheim an der Ruhr	 Germany
Mulhouse	 France
Multan	 Pakistan
Mumbai	 India
Munger	 India
Munich	 Germany
Münster	 Germany
Muntinlupa	 Philippines
Murcia	 Spain
Murfreesboro, Tennessee	 United States
Muriaé	 Brazil
Muridke	 Pakistan
Murmansk	 Russia
Murom	 Russia
Murrieta	 United States
Murwara	 India
Musashino	 Japan
Muscat	 Oman
Mushin	 Nigeria
Mustafabad	 India
Mutare	 Zimbabwe
Muttrah	 Oman
Muzaffargharh	 Pakistan
Muzaffarnagar	 India
Muzaffarpur	 India
Mwanza	 Tanzania
Myitkyina	 Myanmar
Mykolaiv	 Ukraine
Mymensingh	 Bangladesh
Mysore	 India
Mytho	 Vietnam
Mytishchi	 Russia
Mzuzu	 Malawi
Nabadwip	 India
Naberezhnye Chelny	 Russia
Nablus	 Palestine
Nacala	 Mozambique
Nadiad	 India
Nador	 Morocco
Naga	 Philippines
Naga, Cebu	 Philippines
Nagahama	 Japan
Nagano	 Japan
Nagaoka	 Japan
Nagaon	 India
Nagapattinam	 India
Nagareyama	 Japan
Nagasaki	 Japan
Nagaur	 India
Nagda	 India
Nagercoil	 India
Nagoya	 Japan
Nagpur	 India
Naguanagua	 Venezuela
Naha	 Japan
Naic	 Philippines
Naihati	 India
Nairobi	 Kenya
Naivasha	 Kenya
Najaf	 Iraq
Najafabad	 Iran
Najran	 Saudi Arabia
Nakhodka	 Russia
Nakhon Pathom	 Thailand
Nakhon Ratchasima	 Thailand
Nakhon Sawan	 Thailand
Nakhon Si Thammarat	 Thailand
Nakuru	 Kenya
Nalchik	 Russia
Nalgonda	 India
Nam Định	 Vietnam
Namangan	 Uzbekistan
Nampo	 North Korea
Nampula	 Mozambique
Namur	 Belgium
Nanchang	 China
Nanchong	 China
Nancy	 France
Nanded	 India
Nanded-Waghala	 India
Nandurbar	 India
Nandyal	 India
Nangloi Jat	 India
Nanjing	 China
Nanning	 China
Nanping	 China
Nansana	 Uganda
Nantes	 France
Nantong	 China
Nanyang	 China
Naperville	 United States
Napier-Hastings	 New Zealand
Naples	 Italy
Nara	 Japan
Narasaraopet	 India
Narashino	 Japan
Narayanganj	 Bangladesh
Narita	 Japan
Nashik	 India
Nashville	 United States
Nasimshahr	 Iran
Nasiriyah	 Iraq
Nassau	 Bahamas
Nasugbu	 Philippines
Nasushiobara	 Japan
Natal	 Brazil
Naucalpan	 Mexico
Naujan	 Philippines
Navapolatsk	 Belarus
Navi Mumbai	 India
Navoiy	 Uzbekistan
Navojoa	 Mexico
Navotas	 Philippines
Navsari	 India
Nawabganj	 Bangladesh
Nawabshah	 Pakistan
Naypyidaw	 Myanmar
Nazarabad	 Iran
Nazilli	 Turkey
N'Djamena	 Chad
Ndola	 Zambia
Neemuch	 India
Neftekamsk	 Russia
Nefteyugansk	 Russia
Negombo	 Sri Lanka
Neijiang	 China
Neiva	 Colombia
Nellore	 India
Netanya	 Israel
Neuquén	 Argentina
Neuss	 Germany
Nevinnomyssk	 Russia
New Delhi	 India
New Haven	 United States
New Orleans	 United States
New York	 United States
Newark	 United States
Newcastle upon Tyne	 United Kingdom
Newcastle	 Australia
Newport News, Virginia	 United States
Newport	 United Kingdom
Neyagawa	 Japan
Neyveli	 India
Ngong	 Kenya
Nha Trang	 Vietnam
Niamey	 Niger
Nice	 France
Nicolás Romero	 Mexico
Nicosia	 Cyprus
Niğde	 Turkey
Niigata	 Japan
Niihama	 Japan
Niiza	 Japan
Nijmegen	 Netherlands
Nikopol	 Ukraine
Nilópolis	 Brazil
Nîmes	 France
Ningbo	 China
Ningde	 China
Niš	 Serbia
Nishapur	 Iran
Nishinomiya	 Japan
Nishio	 Japan
Nishitōkyō	 Japan
Niterói	 Brazil
Nizamabad	 India
Nizhnekamsk	 Russia
Nizhnevartovsk	 Russia
Nizhny Novgorod	 Russia
Nizhny Tagil	 Russia
Nizwa	 Oman
Nobeoka	 Japan
Noda	 Japan
Nogales	 Mexico
Noginsk	 Russia
Noida	 India
Nonthaburi	 Thailand
Norfolk, Virginia	 United States
Norilsk	 Russia
Norman	 United States
Norrköping	 Sweden
North Barrackpur	 India
North Dumdum	 India
North Las Vegas	 United States
Northampton	 United Kingdom
Norwalk	 United States
Norwich	 United Kingdom
Norzagaray	 Philippines
Nossa Senhora do Socorro	 Brazil
Nottingham	 United Kingdom
Nouakchott	 Mauritania
Nova Friburgo	 Brazil
Nova Iguaçu	 Brazil
Novara	 Italy
Novi Sad	 Serbia
Novo Gama	 Brazil
Novo Hamburgo	 Brazil
Novocheboksarsk	 Russia
Novocherkassk	 Russia
Novokuybyshevsk	 Russia
Novokuznetsk	 Russia
Novomoskovsk	 Russia
Novorossiysk	 Russia
Novoshakhtinsk	 Russia
Novosibirsk	 Russia
Novy Urengoy	 Russia
Noyabrsk	 Russia
Nuevo Laredo	 Mexico
Nukus	 Uzbekistan
Numazu	 Japan
Nuremberg	 Germany
Nur-Sultan	 Kazakhstan
Nyala	 Sudan
Nyeri	 Kenya
Nyíregyháza	 Hungary
Nzérékoré	 Guinea
Oakland	 United States
Oakville	 Canada
Oaxaca de Juárez	 Mexico
Oberhausen	 Germany
Obihiro	 Japan
Obninsk	 Russia
Obuasi	 Ghana
Oceanside	 United States
Ocumare del Tuy	 Venezuela
Odawara	 Japan
Odense	 Denmark
Odesa	 Ukraine
Odintsovo	 Russia
Offenbach am Main	 Germany
Ōgaki	 Japan
Ogbomosho	 Nigeria
Ōita	 Japan
Okara	 Pakistan
Okayama	 Japan
Okazaki	 Japan
Okene	 Nigeria
Okinawa	 Japan
Oklahoma City	 United States
Oktyabrsky	 Russia
Olanchito	 Honduras
Olathe	 United States
Oldenburg	 Germany
Olinda	 Brazil
Olmaliq	 Uzbekistan
Olomouc	 Czech Republic
Olongapo	 Philippines
Olsztyn	 Poland
Omaha	 United States
Omdurman	 Sudan
Ōme	 Japan
Omsk	 Russia
Ōmuta	 Japan
Ongole	 India
Onitsha	 Nigeria
Onomichi	 Japan
Ontario	 United States
Opole	 Poland
Oradea	 Romania
Orai	 India
Oral	 Kazakhstan
Oran	 Algeria
Orange	 United States
Ordos City	 China
Ordu	 Turkey
Örebro	 Sweden
Orekhovo-Zuyevo	 Russia
Orenburg	 Russia
Orizaba	 Mexico
Orlando	 United States
Orléans	 France
Ormoc	 Philippines
Orsha	 Belarus
Orsk	 Russia
Oruro	 Bolivia
Oryol	 Russia
Osaka	 Japan
Ōsaki, Miyagi	 Japan
Osasco	 Brazil
Osh	 Kyrgyzstan
Oshawa	 Canada
Oshogbo	 Nigeria
Ōshū	 Japan
Osijek	 Croatia
Oskemen	 Kazakhstan
Oslo	 Norway
Osmanabad	 India
Osmaniye	 Turkey
Osnabrück	 Germany
Osorno	 Chile
Ostrava	 Czech Republic
Ōta	 Japan
Otaru	 Japan
Ōtsu	 Japan
Ottawa	 Canada
Ouagadougou	 Burkina Faso
Ouargla	 Algeria
Oujda	 Morocco
Oulu	 Finland
Ourense	 Spain
Ourinhos	 Brazil
Overland Park	 United States
Oviedo	 Spain
Oxford	 United Kingdom
Oxnard	 United States
Oyama	 Japan
Oyo	 Nigeria
Ozamiz	 Philippines
Ozhukarai	 India
Paarl	 South Africa
Pabna	 Bangladesh
Pachuca	 Mexico
Padang	 Indonesia
Paderborn	 Germany
Padua	 Italy
Pagadian	 Philippines
Paita	 Peru
Pakalongan	 Indonesia
Pakan Baru	 Indonesia
Pakdasht	 Iran
Pakpattan	 Pakistan
Palakkad	 India
Palangkaraya	 Indonesia
Palanpur	 India
Palembang	 Indonesia
Palermo	 Italy
Palhoça	 Brazil
Pali	 India
Pallavaram	 India
Palm Bay	 United States
Palma de Mallorca	 Spain
Palmas	 Brazil
Palmdale, California	 United States
Palmira	 Colombia
Palopo	 Indonesia
Palu	 Indonesia
Palwal	 India
Pamplona	 Spain
Panabo	 Philippines
Panama City	 Panama
Panchkula	 India
Pangkal Pinang	 Indonesia
Panihati	 India
Panipat	 India
Panjin	 China
Panvel	 India
Panzhihua	 China
Paradise, Nevada	 United States
Parakou	 Benin
Paramaribo	 Suriname
Paraná	 Argentina
Paranaguá	 Brazil
Parañaque	 Philippines
Parauapebas	 Brazil
Parbhani	 India
Parepare	 Indonesia
Parintins	 Brazil
Paris	 France
Parla	 Spain
Parma	 Italy
Parnaíba	 Brazil
Parnamirim	 Brazil
Parral	 Mexico
Pasadena, California	 United States
Pasadena, Texas	 United States
Pasay	 Philippines
Pasig	 Philippines
Passo Fundo	 Brazil
Passos	 Brazil
Pasto	 Colombia
Pasuruan	 Indonesia
Patan	 India
Paterson	 United States
Pathankot	 India
Pathein	 Myanmar
Patiala	 India
Patna	 India
Patos de Minas	 Brazil
Patos	 Brazil
Patras	 Greece
Paulínia	 Brazil
Paulista	 Brazil
Paulo Afonso	 Brazil
Pavlodar	 Kazakhstan
Pavlohrad	 Ukraine
Pécs	 Hungary
Pelotas	 Brazil
Pematang Siantar	 Indonesia
Pemba	 Mozambique
Pembroke Pines, Florida	 United States
Penza	 Russia
Peoria, Arizona	 United States
Peoria, Illinois	 United States
Pereira	 Colombia
Perez Zeledon	 Costa Rica
Peristeri	 Greece
Perm	 Russia
Perpignan	 France
Perth	 Australia
Perugia	 Italy
Pervouralsk	 Russia
Pescara	 Italy
Peshawar	 Pakistan
Petah Tikva	 Israel
Petaling Jaya	 Malaysia
Petare	 Venezuela
Peterborough	 United Kingdom
Petrolina	 Brazil
Petropavl	 Kazakhstan
Petropavlovsk-Kamchatsky	 Russia
Petrópolis	 Brazil
Petrozavodsk	 Russia
Pforzheim	 Germany
Philadelphia, Pennsylvania	 United States
Phnom Penh	 Cambodia
Phoenix, Arizona	 United States
Phyongsong	 North Korea
Piacenza	 Italy
Piedecuesta	 Colombia
Piedras Negras	 Mexico
Pietermaritzburg	 South Africa
Pikine	 Senegal
Pikit	 Philippines
Pilibhit	 India
Pimpri-Chinchwad	 India
Pinar del Río	 Cuba
Pindamonhangaba	 Brazil
Pingdingshan	 China
Pingdu	 China
Pingliang	 China
Pingxiang	 China
Pinhais	 Brazil
Pinsk	 Belarus
Pir Mahal	 Pakistan
Piracicaba	 Brazil
Piraeus	 Greece
Pisco	 Peru
Pitalito	 Colombia
Piteşti	 Romania
Pithampur	 India
Pittsburgh, Pennsylvania	 United States
Piura	 Peru
Plano, Texas	 United States
Plaridel	 Philippines
Playa del Carmen	 Mexico
Pleven	 Bulgaria
Płock	 Poland
Ploieşti	 Romania
Plovdiv	 Bulgaria
Plymouth	 United Kingdom
Plzeň	 Czech Republic
Poá	 Brazil
Pococí	 Costa Rica
Poços de Caldas	 Brazil
Podgorica	 Montenegro
Podolsk	 Russia
Pohang	 South Korea
Pointe-Noire	 Republic of the Congo
Pokhara	   Nepal
Polomolok	 Philippines
Poltava	 Ukraine
Pomona, California	 United States
Ponce	 United States
Pondicherry	 India
Ponta Grossa	 Brazil
Pontianak	 Indonesia
Poole	 United Kingdom
Popayán	 Colombia
Porac	 Philippines
Porbandar	 India
Port Blair	 India
Port Elizabeth	 South Africa
Port Harcourt	 Nigeria
Port Louis	 Mauritius
Port Moresby	 Papua New Guinea
Port Said	 Egypt
Port St. Lucie, Florida	 United States
Port Sudan	 Sudan
Port-au-Prince	 Haiti
Port-Gentil	 Gabon
Portland, Oregon	 United States
Portmore	 Jamaica
Porto Alegre	 Brazil
Porto Novo	 Benin
Porto Seguro	 Brazil
Porto Velho	 Brazil
Porto	 Portugal
Portoviejo	 Ecuador
Portsmouth	 United Kingdom
Posadas	 Argentina
Potosí	 Bolivia
Potsdam	 Germany
Pouso Alegre	 Brazil
Poza Rica de Hidalgo	 Mexico
Poznań	 Poland
Pozuelos [es]	 Venezuela
Prague	 Czech Republic
Praia Grande	 Brazil
Praia	 Cape Verde
Prato	 Italy
Presidente Prudente	 Brazil
Preston	 United Kingdom
Pretoria	 South Africa
Pristina	 Kosovo
Probolinggo	 Indonesia
Proddatur	 India
Prokopyevsk	 Russia
Providence, Rhode Island	 United States
Provo, Utah	 United States
Pskov	 Russia
Pucallpa	 Peru
Puducherry	 India
Pudukkottai	 India
Puebla de Zaragoza	 Mexico
Pueblo, Colorado	 United States
Puente Alto	 Chile
Puerto Cabello	 Venezuela
Puerto Cortés	 Honduras
Puerto Montt	 Chile
Puerto Plata	 Dominican Republic
Puerto Princesa	 Philippines
Puerto Vallarta	 Mexico
Pune	 India
Puno	 Peru
Punta Arenas	 Chile
Punto Fijo	 Venezuela
Puri	 India
Purnia	 India
Purulia	 India
Pushkino	 Russia
Putian	 China
Puyang	 China
Pyatigorsk	 Russia
Pyongyang	 North Korea
Qā’em Shahr	 Iran
Qalat Sukkar	 Iraq
Qalyub	 Egypt
Qamishli	 Syria
Qarchak	 Iran
Qarshi	 Uzbekistan
Qatif	 Saudi Arabia
Qazvin	 Iran
Qena	 Egypt
Qianjiang	 China
Qidong	 China
Qingdao	 China
Qingtongxia	 China
Qingyang	 China
Qingyuan	 China
Qingzhou	 China
Qinhuangdao	 China
Qinyang	 China
Qinzhou	 China
Qiqihar	 China
Qitaihe	 China
Qods	 Iran
Qom	 Iran
Quanzhou	 China
Quchan	 Iran
Quebec City	 Canada
Queimados	 Brazil
Quelimane	 Mozambique
Querétaro	 Mexico
Quetta	 Pakistan
Quetzaltenango	 Guatemala
Quevedo	 Ecuador
Quezon	 Philippines
Quezon City	 Philippines
Qufu	 China
Qui Nhơn	 Vietnam
Quibdó	 Colombia
Quilmes	 Argentina
Quilpué	 Chile
Quito	 Ecuador
Qujing	 China
Qurayyat	 Saudi Arabia
Quzhou	 China
Rabat	 Morocco
Rạch Giá	 Vietnam
Radom	 Poland
Raebareli	 India
Rafah	 Palestine
Rafsanjan	 Iran
Rahim Yar Khan	 Pakistan
Raichur	 India
Raigad	 India
Raiganj	 India
Raigarh	 India
Raipur	 India
Rajahmundry	 India
Rajapalayam	 India
Rajarhat	 India
Rajkot	 India
Rajnandgaon	 India
Rajpur Sonarpur	 India
Rajshahi	 Bangladesh
Raleigh	 United States
Ramadi	 Iraq
Ramagundam	 India
Ramat Gan	 Israel
Rampur	 India
Ranaghat	 India
Rancagua	 Chile
Ranchi	 India
Rancho Cucamonga	 United States
Ranebennuru	 India
Rangpur	 Bangladesh
Raniganj	 India
Raqqa	 Syria
Ras al-Khaimah	 United Arab Emirates
Rasht	 Iran
Rason	 North Korea
Ratlam	 India
Ravenna	 Italy
Rawalpindi	 Pakistan
Rawson	 Argentina
Reading	 United Kingdom
Recife	 Brazil
Recklinghausen	 Germany
Regensburg	 Germany
Reggio Calabria	 Italy
Reggio Emilia	 Italy
Regina	 Canada
Rehovot	 Israel
Reims	 France
Relizane	 Algeria
Remscheid	 Germany
Rennes	 France
Reno	 United States
Renqiu	 China
Resende	 Brazil
Resistencia	 Argentina
Reus	 Spain
Reutlingen	 Germany
Rewa	 India
Rewari	 India
Reykjavík	 Iceland
Reynosa	 Mexico
Ribeirão das Neves	 Brazil
Ribeirão Pires	 Brazil
Ribeirão Preto	 Brazil
Richmond Hill	 Canada
Richmond	 Canada
Richmond, California	 United States
Richmond	 United States
Riga	 Latvia
Rijeka	 Croatia
Rimini	 Italy
Rio Branco	 Brazil
Rio Claro	 Brazil
Rio Cuarto	 Argentina
Rio das Ostras	 Brazil
Rio de Janeiro	 Brazil
Rio Grande	 Brazil
Rio Verde	 Brazil
Riobamba	 Ecuador
Riohacha	 Colombia
Rishon LeZion	 Israel
Rishra	 India
Riverside	 United States
Rivne	 Ukraine
Riyadh	 Saudi Arabia
Rize	 Turkey
Rizhao	 China
Robertsonpet	 India
Rochdale	 United Kingdom
Rochester, Minnesota	 United States
Rochester, New York	 United States
Rockford	 United States
Rodriguez	 Philippines
Rohtak	 India
Rome	 Italy
Rondonópolis	 Brazil
Rongcheng	 China
Roodepoort	 South Africa
Roorkee	 India
Rosario, Batangas	 Philippines
Rosario, Cavite	 Philippines
Rosario	 Argentina
Roseville	 United States
Rostock	 Germany
Rostov-on-Don	 Russia
Rotherham	 United Kingdom
Rotterdam	 Netherlands
Rouen	 France
Round Rock	 United States
Rourkela	 India
Roxas	 Philippines
Rubtsovsk	 Russia
Ruda Śląska	 Poland
Rudny	 Kazakhstan
Rudrapur	 India
Rufisque	 Senegal
Rui'an	 China
Ruichang	 China
Ruiru	 Kenya
Ruse	 Bulgaria
Russeifa	 Jordan
Rustaq	 Oman
Rustavi	 Georgia
Ruzhou	 China
Ryazan	 Russia
Rybinsk	 Russia
Rybnik	 Poland
Rzeszów	 Poland
S.A.S. Nagar	 India
Saanich	 Canada
Saarbrücken	 Germany
Sabadell	 Spain
Sabára	 Brazil
Sabzewar	 Iran
Sacaba	 Bolivia
Sacramento, California	 United States
Sadiqabad	 Pakistan
Sadr City	 Iraq
Safi	 Morocco
Saga	 Japan
Sagamihara	 Japan
Sagar	 India
Sagay	 Philippines
Saguenay	 Canada
Saham	 Oman
Saharanpur	 India
Saharsa	 India
Sahiwal	 Pakistan
Saida	 Algeria
Saidpur	 Bangladesh
Saijō	 Japan
Saint Petersburg	 Russia
Saint-Denis	 Réunion
Saint-Denis	 France
Saint-Étienne	 France
Saint-Louis	 Senegal
Saint-Paul	 Réunion
Saitama	 Japan
Sakado	 Japan
Sakai, Osaka	 Japan
Sakakah	 Saudi Arabia
Sakata	 Japan
Sakura, Chiba	 Japan
Salalah	 Oman
Salamanca	 Mexico
Salamanca	 Spain
Salatiga	 Indonesia
Salavat	 Russia
Salé	 Morocco
Salem, Oregon	 United States
Salem	 India
Salerno	 Italy
Salihorsk	 Belarus
Salinas, California	 United States
Salmiya	 Kuwait
Salt Lake City, Utah	 United States
Salta	 Argentina
Saltillo	 Mexico
Salto	 Brazil
Salvador	 Brazil
Salzburg	 Austria
Salzgitter	 Germany
Samal	 Philippines
Samara	 Russia
Samarinda	 Indonesia
Samarkand	 Uzbekistan
Samarra	 Iraq
Samawah	 Iraq
Sambalpur	 India
Sambhal	 India
Samsun	 Turkey
San Antonio, Texas	 United States
San Bernardino, California	 United States
San Bernardo	 Chile
San Buenaventura, California	 United States
San Carlos, Negros Occidental	 Philippines
San Carlos, Pangasinan	 Philippines
San Cristóbal de La Laguna	 Spain
San Cristóbal de Las Casas	 Mexico
San Cristóbal	 Dominican Republic
San Cristóbal	 Venezuela
San Diego, California	 United States
San Fernando, La Union	 Philippines
San Fernando, Pampanga	 Philippines
San Fernando de Apure	 Venezuela
San Fernando del Valle de Catamarca	 Argentina
San Francisco, California	 United States
San Francisco de Macorís	 Dominican Republic
San Francisco del Rincón	 Mexico
San Idelfonso	 Philippines
San José	 Costa Rica
San Jose, Nueva Ecija	 Philippines
San Jose, Occidental Mindoro	 Philippines
San Jose, California	 United States
San Jose del Monte, Bulacan	 Philippines
San Juan	 Argentina
San Juan, Batangas	 Philippines
San Juan, Metro Manila	 Philippines
San Juan	 Puerto Rico
San Juan Bautista Tuxtepec	 Mexico
San Juan de Girón	 Colombia
San Juan de la Maguana	 Dominican Republic
San Juan del Río	 Mexico
San Lorenzo	 Paraguay
San Luis	 Argentina
San Luis Potosí	 Mexico
San Luis Río Colorado	 Mexico
San Martin	 El Salvador
San Mateo	 Philippines
San Miguel	 El Salvador
San Miguel	 Philippines
San Miguel de Tucumán	 Argentina
San Miguelito	 Panama
San Nicolás	 Argentina
San Nicolás de los Garza	 Mexico
San Pablo	 Philippines
San Pedro	 Philippines
San Pedro de la Paz	 Chile
San Pedro de Macoris	 Dominican Republic
San Pedro Sula	 Honduras
San Rafael	 Argentina
San Salvador	 El Salvador
San Salvador de Jujuy	 Argentina
San Sebastián	 Spain
Sana'a	 Yemen
Sanandaj	 Iran
Sancti Spíritus	 Cuba
Sanda	 Japan
Sandakan	 Malaysia
Sangli	 India
Şanlıurfa	 Turkey
Sanmenxia	 China
Sanming	 China
Sano	 Japan
San-Pédro	 Ivory Coast
Santa Ana de Coro	 Venezuela
Santa Ana, California	 United States
Santa Ana	 El Salvador
Santa Bárbara d'Oeste	 Brazil
Santa Clara	 Cuba
Santa Clara, California	 United States
Santa Clarita, California	 United States
Santa Coloma de Gramanet	 Spain
Santa Cruz	 Philippines
Santa Cruz de la Sierra	 Bolivia
Santa Cruz de Tenerife	 Spain
Santa Cruz do Capibaribe	 Brazil
Santa Cruz do Sul	 Brazil
Santa Fe de Bogotá	 Colombia
Santa Fe	 Argentina
Santa Lucía	 Venezuela
Santa Luzia, Minas Gerais	 Brazil
Santa Maria	 Brazil
Santa Maria	 Philippines
Santa Marta	 Colombia
Santa Rita	 Brazil
Santa Rosa	 Philippines
Santa Rosa, California	 United States
Santa Tecla	 El Salvador
Santana de Parnaíba	 Brazil
Santana	 Brazil
Santander	 Spain
Santarém, Brazil	 Brazil
Santiago	 Chile
Santiago	 Philippines
Santiago de Cuba	 Cuba
Santiago de los Caballeros	 Dominican Republic
Santiago del Estero	 Argentina
Santipur	 India
Santo André	 Brazil
Santo Antônio de Jesus	 Brazil
Santo Domingo	 Dominican Republic
Santo Domingo de los Colorados	 Ecuador
Santo Domingo Este	 Dominican Republic
Santo Domingo Norte	 Dominican Republic
Santo Domingo Oeste	 Dominican Republic
Santo Tomas, Batangas	 Philippines
Santo Tomas, Davao del Norte	 Philippines
Santos	 Brazil
Sanya	 China
São Bernardo do Campo	 Brazil
São Caetano do Sul	 Brazil
São Carlos	 Brazil
São Gonçalo	 Brazil
São João de Meriti	 Brazil
São José de Ribamar	 Brazil
São José do Rio Preto	 Brazil
São José dos Campos	 Brazil
São José dos Pinhais	 Brazil
São José	 Brazil
São Leopoldo	 Brazil
São Lourenço da Mata	 Brazil
São Luís	 Brazil
São Mateus	 Brazil
São Paulo	 Brazil
São Vicente	 Brazil
Sapporo	 Japan
Sapucaia do Sul	 Brazil
Saqez	 Iran
Sarajevo	 Bosnia and Herzegovina
Saransk	 Russia
Sarapul	 Russia
Saratov	 Russia
Sargodha	 Pakistan
Sari	 Iran
Sariaya	 Philippines
Sariwon	 North Korea
Sasaram	 India
Sasebo	 Japan
Saskatoon	 Canada
Sassari	 Italy
Satara	 India
Satna	 India
Satu Mare	 Romania
Savannah, Georgia	 United States
Saveh	 Iran
Sawai Madhopur	 India
Sayama	 Japan
Schaerbeek	 Belgium
Scottsdale, Arizona	 United States
Seam Reab	 Cambodia
Seattle	 United States
Secunderabad	 India
Seeb	 Oman
Ségou	 Mali
Sehore	 India
Sejong City	 South Korea
Sekondi-Takoradi	 Ghana
Seleyang Baru	 Malaysia
Semarang	 Indonesia
Semey	 Kazakhstan
Semnan	 Iran
Sendai	 Japan
Seongnam	 South Korea
Seoni	 India
Seoul	 South Korea
Serampore	 India
Seremban	 Malaysia
Sergiyev Posad	 Russia
Serpukhov	 Russia
Serra	 Brazil
Sertaozinho	 Brazil
Sete Lagoas	 Brazil
Setif	 Algeria
Seto	 Japan
Settat	 Morocco
Sevastopol	
Severodvinsk	 Russia
Seversk	 Russia
Seville	 Spain
Sfax	 Tunisia
Shah Alam	 Malaysia
Shahe	 China
Shahin Shahr	 Iran
Shahjahanpur	 India
Shahrekord	 Iran
Shahreza	 Iran
Shahriar	 Iran
Shahrisabz	 Uzbekistan
Shahrud	 Iran
Shakhty	 Russia
Shamli	 India
Shanghai	 China
Shangluo	 China
Shangqiu	 China
Shangrao	 China
Shangzhi	 China
Shantou	 China
Shanwei	 China
Shaoguan	 China
Shaowu	 China
Shaoxing	 China
Shaoyang	 China
Sharjah	 United Arab Emirates
Shchyolkovo	 Russia
Sheberghan	 Afghanistan
Sheffield	 United Kingdom
Sheikhu Pura	 Pakistan
Shenyang	 China
Shenzhen	 China
Sheopur	 India
Sherbrooke	 Canada
's-Hertogenbosch	 Netherlands
Shibin el-Kom	 Egypt
Shihezi	 China
Shihung	 South Korea
Shijiazhuang	 China
Shikarpur	 Pakistan
Shikohabad	 India
Shillong	 India
Shimizu	 Japan
Shimla	 India
Shimoga	 India
Shimonoseki	 Japan
Shinyanga	 Tanzania
Shiraz	 Iran
Shishi City	 China
Shishou	 China
Shivpuri	 India
Shiyan	 China
Shizuishan	 China
Shizuoka	 Japan
Shkodër	 Albania
Shreveport, Louisiana	 United States
Shuangcheng	 China
Shuangyashan	 China
Shubra al Khaymah	 Egypt
Shūnan	 Japan
Shuozhou	 China
Shymkent	 Kazakhstan
Sialkote	 Pakistan
Šiauliai	 Lithuania
Sibiu	 Romania
Sibu	 Malaysia
Sidi-bel-Abbès	 Algeria
Siegen	 Germany
Sieverodonetsk	 Ukraine
Siirt	 Turkey
Sikar	 India
Sikasso	 Mali
Silang	 Philippines
Silay	 Philippines
Silchar	 India
Siliguri	 India
Simferopol	
Simi Valley, California	 United States
Simões Filho	 Brazil
Sincelejo	 Colombia
Singapore	 Singapore
Singkawang	 Indonesia
Singrauli	 India
Sinop	 Brazil
Sinpo	 North Korea
Sinuiji	 North Korea
Sioux Falls, South Dakota	 United States
Siping	 China
Sirjan	 Iran
Sirsa	 India
Sitapur	 India
Sittwe	 Myanmar
Sivas	 Turkey
Siverek	 Turkey
Siwan	 India
Sixth of October	 Egypt
Skikda	 Algeria
Skopje	 North Macedonia
Slough	 United Kingdom
Sloviansk	 Ukraine
Słupsk	 Poland
Smederevo	 Serbia
Smolensk	 Russia
Soacha	 Colombia
Sobral	 Brazil
Sochi	 Russia
Sofia	 Bulgaria
Sogamoso	 Colombia
Sohag	 Egypt
Sohar	 Oman
Soka	 Japan
Sokodé	 Togo
Solapur	 India
Soledad	 Colombia
Solihull	 United Kingdom
Solingen	 Germany
Songyuan	 China
Sonipat	 India
Sorocaba	 Brazil
Sorsogon City	 Philippines
Sosnowiec	 Poland
Soubré	 Ivory Coast
Souk Ahras	 Algeria
South Bend, Indiana	 United States
South Dum Dum	 India
South Tangerang	 Indonesia
Southampton	 United Kingdom
Southend on Sea	 United Kingdom
Soweto	 South Africa
Soyapango	 El Salvador
Spanish Town	 Jamaica
Split	 Croatia
Spokane, Washington	 United States
Springfield, Illinois	 United States
Springfield, Massachusetts	 United States
Springfield, Missouri	 United States
Springs	 South Africa
Sri Jayawardenepura Kotte	 Sri Lanka
Sri Muktsar Sahib	 India
Srikakulam	 India
Srinagar	 India
Ssabagabo	 Uganda
St. Catharines	 Canada
St. Helens	 United Kingdom
St. John's	 Canada
St. Louis, Missouri	 United States
St. Paul, Minnesota	 United States
St. Petersburg, Florida	 United States
Stakhanov	 Ukraine
Stamford, Connecticut	 United States
Stara Zagora	 Bulgaria
Stary Oskol	 Russia
Stavanger	 Norway
Stavropol	 Russia
Sterling Heights, Michigan	 United States
Sterlitamak	 Russia
Stockholm	 Sweden
Stockport	 United Kingdom
Stockton, California	 United States
Stoke-on-Trent	 United Kingdom
Strasbourg	 France
Stuttgart	 Germany
Subang Jaya	 Malaysia
Subic	 Philippines
Subotica	 Serbia
Suceava	 Romania
Sucre	 Bolivia
Suez	 Egypt
Suhaj	 Egypt
Suihua	 China
Suining	 China
Suita	 Japan
Suizhou	 China
Sujangarh	 India
Sukabumi	 Indonesia
Sukkur	 Pakistan
Sulamaniya	 Iraq
Sullana	 Peru
Sultan Pur Majra	 India
Sultanbeyli	 Turkey
Sultanpur	 India
Sumaré	 Brazil
Sumgait	 Azerbaijan
Sumy	 Ukraine
Suncheon	 South Korea
Sunchon	 North Korea
Sunderland	 United Kingdom
Sungai Petani	 Malaysia
Sunnyvale, California	 United States
Sunshine Coast	 Australia
Sunyani	 Ghana
Suqian	 China
Sur	 Oman
Surabaya	 Indonesia
Surakarta	 Indonesia
Surat Thani	 Thailand
Surat	 India
Surendranagar Dudhrej	 India
Surgut	 Russia
Surigao City	 Philippines
Surprise	 United States
Surrey	 Canada
Suryapet	 India
Suwayq	 Oman
Suwon	 South Korea
Suzano	 Brazil
Suzhou, Anhui	 China
Suzhou, Jiangsu	 China
Suzuka	 Japan
Swansea	 United Kingdom
Swindon	 United Kingdom
Sydney	 Australia
Syktyvkar	 Russia
Syracuse	 Italy
Syracuse, New York	 United States
Syzran	 Russia
Szczecin	 Poland
Szeged	 Hungary
Ta’if	 Saudi Arabia
Tabaco	 Philippines
Taboão da Serra	 Brazil
Tabriz	 Iran
Tabuk	 Saudi Arabia
Tabuk	 Philippines
Tacheng	 China
Tachikawa	 Japan
Tacloban	 Philippines
Tacna	 Peru
Tacoma, Washington	 United States
Tadepalligudem	 India
Tadipatri	 India
Taganrog	 Russia
Tagbilaran	 Philippines
Taguig	 Philippines
Tagum	 Philippines
Tahoua	 Niger
Taian	 China
Taichung	 Taiwan
Tainan City	 Taiwan
Taipei	 Taiwan
Taiping	 Malaysia
Taiyuan	 China
Taiz	 Yemen
Taizhou, Jiangsu	 China
Taizhou, Zhejiang	 China
Taji	 Iraq
Tajimi	 Japan
Takamatsu	 Japan
Takaoka	 Japan
Takarazuka	 Japan
Takasaki	 Japan
Takatsuki	 Japan
Tal Afar	 Iraq
Talavera	 Philippines
Talca	 Chile
Talcahuano	 Chile
Taldıqorğan	 Kazakhstan
Talisay, Cebu	 Philippines
Talisay, Negros Occidental	 Philippines
Tallahassee, Florida	 United States
Tallinn	 Estonia
Taloqan	 Afghanistan
Tama	 Japan
Tamale	 Ghana
Tambaram	 India
Tambov	 Russia
Tampa, Florida	 United States
Tampere	 Finland
Tampico	 Mexico
Tanauan	 Philippines
Tanay	 Philippines
Tanchon	 North Korea
Tandil	 Argentina
Tandoadam	 Pakistan
Tanga	 Tanzania
Tangail	 Bangladesh
Tangerang	 Indonesia
Tangier	 Morocco
Tangshan	 China
Tanjung Pinang	 Indonesia
Tanjungbalai	 Indonesia
Tanta	 Egypt
Tanza	 Philippines
Taonan	 China
Taourirt	 Morocco
Tapachula	 Mexico
Taranto	 Italy
Tarapoto	 Peru
Taraz	 Kazakhstan
Târgu-Mureş	 Romania
Táriba	 Venezuela
Tarija	 Bolivia
Tarlac City	 Philippines
Tarnów	 Poland
Tarragona	 Spain
Tarsus	 Turkey
Tartus	 Syria
Tashkent	 Uzbekistan
Tatuí	 Brazil
Taubaté	 Brazil
Taunggyi	 Myanmar
Tauranga	 New Zealand
Tawau	 Malaysia
Taytay	 Philippines
Taza	 Morocco
Tbilisi	 Georgia
Tebessa	 Algeria
Tebing Tinggi	 Indonesia
Tecomán	 Mexico
Tegal	 Indonesia
Tegucigalpa	 Honduras
Tehran	 Iran
Tehuacán	 Mexico
Teixeira de Freitas	 Brazil
Tekirdağ	 Turkey
Tel Aviv	 Israel
Telde	 Spain
Telford	 United Kingdom
Tema	 Ghana
Temara	 Morocco
Tembisa	 South Africa
Temecula, California	 United States
Temirtau	 Kazakhstan
Tempe, Arizona	 United States
Temuco	 Chile
Tenali	 India
Tengzhou	 China
Teófilo Otoni	 Brazil
Tepatitlán	 Mexico
Tepic	 Mexico
Teresina	 Brazil
Teresópolis	 Brazil
Termez	 Uzbekistan
Terni	 Italy
Ternopil	 Ukraine
Terrassa	 Spain
Tete	 Mozambique
Tétouan	 Morocco
Thai Nguyen	 Vietnam
Thane	 India
Thanesar	 India
Thanjavur	 India
Thessaloniki	 Greece
Thiès	 Senegal
Thika	 Kenya
Thimphu	 Bhutan
Thiruvananthapuram	 India
Thoothukudi	 India
Thornton	 United States
Thousand Oaks, California	 United States
Thrissur	 India
Thunder Bay	 Canada
Tianjin	 China
Tianmen	 China
Tianshui	 China
Tiaret	 Algeria
Tieli	 China
Tieling	 China
Tijuana	 Mexico
Tikrit	 Iraq
Tilburg	 Netherlands
Timişoara	 Romania
Timon	 Brazil
Tipitapa	 Nicaragua
Tirana	 Albania
Tiruchchirappalli	 India
Tiruchirappalli	 India
Tirunelveli	 India
Tirupati	 India
Tiruppur	 India
Tiruvannamalai	 India
Tiruvottiyur	 India
Titagarh	 India
Tizi Ouzou	 Algeria
Tlalnepantla	 Mexico
Tlalpan	 Mexico
Tlaquepaque	 Mexico
Tlaxcala	 Mexico
Tlemoen	 Algeria
Toamasina	 Madagascar
Tochigi	 Japan
Tocuyito	 Venezuela
Toda	 Japan
Tōkai	 Japan
Tokat	 Turkey
Tokchon	 North Korea
Tokorozawa	 Japan
Tokushima	 Japan
Tokuyama	 Japan
Tokyo	 Japan
Toledo, Paraná	 Brazil
Toledo	 Philippines
Toledo, Ohio	 United States
Toliara	 Madagascar
Toluca	 Mexico
Tolyatti	 Russia
Tomakomai	 Japan
Tomsk	 Russia
Tondabayashi	 Japan
Tongchuan	 China
Tonghua	 China
Tongi	 Bangladesh
Tongjiang	 China
Tongliao	 China
Tongling	 China
Tongren	 China
Tonk	 India
Toowoomba	 Australia
Topeka, Kansas	 United States
Torbat-e Heydarieh	 Iran
Toride	 Japan
Toronto	 Canada
Torrance, California	 United States
Torrejón de Ardoz	 Spain
Torreón	 Mexico
Toruń	 Poland
Tottori	 Japan
Touggourt	 Algeria
Toulon	 France
Toulouse	 France
Tours	 France
Townsville	 Australia
Toyama	 Japan
Toyohashi	 Japan
Toyokawa	 Japan
Toyonaka	 Japan
Toyota	 Japan
Trabzon	 Turkey
Trece Martires	 Philippines
Trento	 Italy
Três Lagoas	 Brazil
Trier	 Germany
Trieste	 Italy
Trindade	 Brazil
Tripoli	 Lebanon
Tripoli	 Libya
Trois-Rivières	 Canada
Trondheim	 Norway
Trujillo	 Peru
Tsu	 Japan
Tsuchiura	 Japan
Tsukuba	 Japan
Tsuruoka	 Japan
Tsuyama	 Japan
Tubarão	 Brazil
Tucson, Arizona	 United States
Tucuruí	 Brazil
Tuguegarao	 Philippines
Tula de Allende	 Mexico
Tula	 Russia
Tulancingo	 Mexico
Tulsa, Oklahoma	 United States
Tulua	 Colombia
Tulufan	 China
Tumaco	 Colombia
Tumbes	 Ecuador
Tumbes	 Peru
Tumen	 China
Tumkur	 India
Tunis	 Tunisia
Tunja	 Colombia
Turbo	 Colombia
Turgutlu	 Turkey
Turhal	 Turkey
Turin	 Italy
Turkistan	 Kazakhstan
Turkmenabat	 Turkmenistan
Turku	 Finland
Tuticorin	 India
Tuxpan	 Mexico
Tuxtla Gutiérrez	 Mexico
Tuz Khurmatu	 Iraq
Tuzla	 Bosnia and Herzegovina
Tver	 Russia
Tychy	 Poland
Tyumen	 Russia
Ubá	 Brazil
Ube	 Japan
Uberaba	 Brazil
Uberlândia	 Brazil
Ubon Ratchathani	 Thailand
Udaipur	 India
Udgir	 India
Udine	 Italy
Udon Thani	 Thailand
Udupi	 India
Ueda	 Japan
Ufa	 Russia
Uji	 Japan
Ujjain	 India
Ulaanbaatar	 Mongolia
Ulan Hot	 China
Ulanqab	 China
Ulan-Ude	 Russia
Ulhasnagar	 India
Ulm	 Germany
Ulsan	 South Korea
Uluberia	 India
Ulyanovsk	 Russia
Umlazi	 South Africa
Umuarama	 Brazil
Unaizah	 Saudi Arabia
Unnao	 India
Uppsala	 Sweden
Urasoe	 Japan
Urawa	 Japan
Urayasu	 Japan
Urdaneta	 Philippines
Urgench	 Uzbekistan
Uribia	 Colombia
Urmia	 Iran
Uruapan	 Mexico
Uruguaiana	 Brazil
Uruma	 Japan
Ürümqi	 China
Uşak	 Turkey
Ussuriysk	 Russia
Utrecht	 Netherlands
Utsunomiya	 Japan
Uttarpara	 India
Uzhhorod	 Ukraine
Vacoas-Phoenix	 Mauritius
Vadodara	 India
Valdivia	 Chile
Valencia	 Philippines
Valencia	 Spain
Valencia	 Venezuela
Valenzuela	 Philippines
Valera	 Venezuela
Valinhos	 Brazil
Valladolid	 Spain
Valle de Chalco	 Mexico
Valledupar	 Colombia
Vallejo	 United States
Valparaíso de Goiás	 Brazil
Valparaíso	 Chile
Valsad	 India
Van	 Turkey
Vancouver, Washington	 United States
Vancouver, British Columbia	 Canada
Vantaa	 Finland
Vapi	 India
Varamin	 Iran
Varanasi	 India
Varginha	 Brazil
Varna	 Bulgaria
Várzea Grande	 Brazil
Várzea Paulista	 Brazil
Vasai-Virar	 India
Västerås	 Sweden
Vaughan	 Canada
Veliky Novgorod	 Russia
Vellore	 India
Venice	 Italy
Venlo	 Netherlands
Veracruz	 Mexico
Veraval	 India
Verona	 Italy
Vespasiano	 Brazil
Viamão	 Brazil
Vicente López	 Argentina
Vicenza	 Italy
Victoria	 Canada
Victorville, California	 United States
Vidisha	 India
Vienna	 Austria
Vientiane	 Laos
Vigo	 Spain
Vihiga	 Kenya
Vijayawada	 India
Vila Nova de Gaia	 Portugal
Vila Velha	 Brazil
Villa Alemana	 Chile
Villa Nueva	 Guatemala
Villahermosa	 Mexico
Villanueva	 Honduras
Villavicencio	 Colombia
Villeurbanne	 France
Vilnius	 Lithuania
Viña del Mar	 Chile
Vinh	 Vietnam
Vinnytsia	 Ukraine
Viranşehir	 Turkey
Virginia Beach	 United States
Visakhapatnam	 India
Visalia	 United States
Vitebsk	 Belarus
Vitória da Conquista	 Brazil
Vitória de Santo Antão	 Brazil
Vitória	 Brazil
Vitoria-Gasteiz	 Spain
Vizianagaram	 India
Vladikavkaz	 Russia
Vladimir	 Russia
Vladivostok	 Russia
Vlorë	 Albania
Volgodonsk	 Russia
Volgograd	 Russia
Vologda	 Russia
Volos	 Greece
Volta Redonda	 Brazil
Volzhsky	 Russia
Voronezh	 Russia
Vosloorus	 South Africa
Votorantim	 Brazil
Vũng Tàu	 Vietnam
Waco	 United States
Wad Madani	 Sudan
Wafangdian	 China
Wah Cantonment	 Pakistan
Wakayama	 Japan
Wałbrzych	 Poland
Wanica	 Suriname
Wanzhou District	 China
Warangal	 India
Wardha	 India
Warren	 United States
Warrington	 United Kingdom
Warsaw	 Poland
Washington, D.C.	 United States
Waterbury	 United States
Waterloo	 Canada
Wau	 South Sudan
Weifang	 China
Weihai	 China
Weihui	 China
Weinan	 China
Wellington	 New Zealand
Wendeng	 China
Wenzhou	 China
West Bromwich	 United Kingdom
West Covina	 United States
West Jordan	 United States
West Valley City	 United States
Westland	 Netherlands
Westminster	 United States
Whitby	 Canada
Wichita Falls	 United States
Wichita	 United States
Wiesbaden	 Germany
Willemstad	 Curaçao
Wilmington	 United States
Windhoek	 Namibia
Windsor	 Canada
Winnipeg	 Canada
Winston-Salem	 United States
Winterthur	  Switzerland
Włocławek	 Poland
Wolfsburg	 Germany
Wollongong	 Australia
Wolverhampton	 United Kingdom
Wonju	 South Korea
Wonsan	 North Korea
Worcester	 United States
Wrocław	 Poland
Wu'an	 China
Wuhai	 China
Wuhan	 China
Wuhu	 China
Wuppertal	 Germany
Würzburg	 Germany
Wuwei	 China
Wuxi	 China
Wuxue	 China
Wuyishan	 China
Wuzhong	 China
Wuzhou	 China
Xai-Xai	 Mozambique
Xalapa	 Mexico
Xiamen	 China
Xi'an	 China
Xiangtan	 China
Xiangyang	 China
Xianning	 China
Xiantao	 China
Xianyang	 China
Xiaogan	 China
Xiaoshan	 China
Xichang	 China
Xilinhot	 China
Xingcheng	 China
Xinghua	 China
Xingtai	 China
Xingyi	 China
Xining	 China
Xinji	 China
Xintai	 China
Xinxiang	 China
Xinyang	 China
Xinyi	 China
Xinyu	 China
Xinzhou	 China
Xo‘jayli	 Uzbekistan
Xochimilco	 Mexico
Xuancheng	 China
Xuchang	 China
Yachiyo	 Japan
Yaizu	 Japan
Yakeshi	 China
Yakutsk	 Russia
Yalova	 Turkey
Yamagata	 Japan
Yamaguchi	 Japan
Yamato, Kanagawa	 Japan
Yamoussoukro	 Ivory Coast
Yamuna Nagar	 India
Yan'an	 China
Yanbu	 Saudi Arabia
Yancheng	 China
Yangjiang	 China
Yangon	 Myanmar
Yangquan	 China
Yangzhou	 China
Yanji	 China
Yantai	 China
Yao	 Japan
Yaoundé	 Cameroon
Yaroslavl	 Russia
Yasuj	 Iran
Yatsushiro	 Japan
Yavatmal	 India
Yazd	 Iran
Yekaterinburg	 Russia
Yelets	 Russia
Yenakiieve	 Ukraine
Yeosu	 South Korea
Yerevan	 Armenia
Yessentuki	 Russia
Yevpatoria	
Yibin	 China
Yichang	 China
Yichun, Heilongjiang	 China
Yichun, Jiangxi	 China
Yidu	 China
Yima	 China
Yinchuan	 China
Yingcheng	 China
Yingkou	 China
Yingtan	 China
Yining	 China
Yiwu	 China
Yixing	 China
Yiyang	 China
Yizheng	 China
Yogyakarta	 Indonesia
Yokkaichi	 Japan
Yokohama	 Japan
Yokosuka	 Japan
Yonago	 Japan
Yong'an	 China
Yongzhou	 China
Yonkers	 United States
Yopal	 Colombia
York	 United Kingdom
Yoshkar-Ola	 Russia
Yuanjiang	 China
Yueyang	 China
Yulin, Guangxi	 China
Yulin, Shaanxi	 China
Yumen	 China
Yuncheng	 China
Yusufiyah	 Iraq
Yuxi	 China
Yuyao	 China
Yuzhno-Sakhalinsk	 Russia
Yuzhou	 China
Zaanstad	 Netherlands
Zabol	 Iran
Zabrze	 Poland
Zacatecas	 Mexico
Zagazig	 Egypt
Zagreb	 Croatia
Zahedan	 Iran
Zama	 Japan
Zamboanga City	 Philippines
Zamora de Hidalgo	 Mexico
Zanjan	 Iran
Zanzibar City	 Tanzania
Zaoyang	 China
Zaozhuang	 China
Zapopan	 Mexico
Zaporizhia	 Ukraine
Zaragoza	 Spain
Zaria	 Nigeria
Zarqa	 Jordan
Zelenograd	 Russia
Zenica	 Bosnia and Herzegovina
Zhalantun	 China
Zhangjiagang	 China
Zhangjiajie	 China
Zhangjiakou	 China
Zhangshu	 China
Zhangye	 China
Zhangzhou	 China
Zhanjiang	 China
Zhaodong	 China
Zhaoqing	 China
Zhaotong	 China
Zheleznodorozhny	 Russia
Zhengzhou	 China
Zhenjiang	 China
Zhongshan	 China
Zhoukou	 China
Zhoushan	 China
Zhucheng	 China
Zhuhai	 China
Zhuji	 China
Zhukovsky	 Russia
Zhumadian	 China
Zhuozhou	 China
Zhuzhou	 China
Zhytomyr	 Ukraine
Zibo	 China
Zielona Góra	 Poland
Zigong	 China
Ziguinchor	 Senegal
Zihuatanejo	 Mexico
Zinder	 Niger
Zipaquirá	 Colombia
Zixing	 China
Zlatoust	 Russia
Zoetermeer	 Netherlands
Zonguldak	 Turkey
Zrenjanin	 Serbia
Zunyi	 China
Zürich	  Switzerland
Zuwarah	 Libya
Zwolle	 Netherlands
